"hanzi_sc","hanzi_trad","pinyin","pinyin_style2","level","level_zh","cc_cedict_definitions"
"的","的","de","de","1","Level 1","(bound form) bull's-eye; target"
"在","在","zài","zai4","1","Level 1","to exist; to be alive/(of sb or sth) to be (located) at/(used before a verb to indicate an action in progress)"
"我","我","wǒ","wo3","1","Level 1","I; me; my"
"一","一","yī","yi1","1","Level 1","one/single/a (article)/as soon as/entire; whole; all; throughout/""one"" radical in Chinese characters (Kangxi radical 1)/also pr. [yao1] for greater clarity when spelling out numbers digit by digit"
"有","有","yǒu","you3","1","Level 1","to have; there is/(bound form) having; with; -ful; -ed; -al (as in 有意[you3 yi4] intentional)"
"他","他","tā","ta1","1","Level 1","he; him (used for either sex when the sex is unknown or unimportant)/(used before sb's name for emphasis)/(used as a meaningless mock object)/(literary) other"
"这","這","zhè","zhe4","1","Level 1","(pronoun) this; these/(bound form) this; the (followed by a noun)/(bound form) this; these (followed by a classifier) (in this sense, commonly pr. [zhei4], esp. in Beijing)"
"和","和","hé","he2","1","Level 1","harmonious"
"不","不","bù","bu4","1","Level 1","no; not so/(bound form) not; un-"
"就","就","jiù","jiu4","1","Level 1","(after a suppositional clause) in that case; then/(after a clause of action) as soon as; immediately after/(same as 就是[jiu4 shi4]) merely; nothing else but; simply; just; precisely; exactly/only; as little as/as much as; as many as/to approach; to move towards/to undertake; to engage in/(often followed by 著|着[zhe5]) taking advantage of/(of food) to go with/with regard to; concerning/(pattern: 就[jiu4] ... 也[ye3] ...) even if ... still .../(pattern: 不[bu4] ... 就[jiu4] ...) if not ... then must be ..."
"也","也","yě","ye3","1","Level 1","(adverb) also; both ... and ... (before predicates only)/(literary) particle having functions similar to 啊[a5]"
"人","人","rén","ren2","1","Level 1","person; people"
"你","你","nǐ","ni3","1","Level 1","you"
"们","們","men","men","1","Level 1","plural marker for pronouns, and nouns referring to individuals"
"上","上","shàng","shang4","1","Level 1","(bound form) up; upper; above; previous/first (of multiple parts)/to climb; to get onto; to go up/to attend (class or university)/(directional complement) up/(noun suffix) on; above"
"都","都","dōu","dou1","1","Level 1","capital city/metropolis"
"对","對","duì","dui4","1","Level 1","right; correct/towards; at; for/concerning; regarding/to treat (sb a certain way)/to face/(bound form) opposite; facing; matching/to match together; to adjust/to fit; to suit/to answer; to reply/to add; to pour in (a fluid)/to check; to compare/classifier: couple; pair"
"要","要","yào","yao4","1","Level 1","to want; to need; to ask for/will; shall; about to/need to; should/if (same as 要是[yao4 shi5])/(bound form) important"
"点","點","diǎn","dian3","1","Level 1","point/dot/drop/speck/o'clock/point (in space or time)/to draw a dot/to check on a list/to choose/to order (food in a restaurant)/to touch briefly/to hint/to light/to ignite/to pour a liquid drop by drop/(old) one fifth of a two-hour watch 更[geng1]/dot stroke in Chinese characters/classifier for items"
"到","到","dào","dao4","1","Level 1","to reach; to arrive/to leave for; to go to/to (a place); until (a time); up to (a point)/(verb complement indicating arriving at a place or reaching a point)/considerate; thoughtful; thorough"
"多","多","duō","duo1","1","Level 1","many; much/too many; in excess/(after a numeral) ... odd/how (to what extent) (Taiwan pr. [duo2])/(bound form) multi-; poly-"
"会","會","huì","hui4","1","Level 1","to balance an account/accounting/accountant"
"着","著","zhe","zhe","1","Level 1","to wear (clothes)/to contact/to use/to apply"
"来","來","lái","lai2","1","Level 1","to come/(used as a substitute for a more specific verb)/hither (directional complement for motion toward the speaker, as in 回來|回来[hui2 lai5])/ever since (as in 自古以來|自古以来[zi4 gu3 yi3 lai2])/for the past (amount of time)/(prefix) the coming ...; the next ... (as in 來世|来世[lai2 shi4])/(between two verbs) in order to/(after a round number) approximately/(used after 得[de2] to indicate possibility, as in 談得來|谈得来[tan2 de5 lai2], or after 不[bu4] to indicate impossibility, as in 吃不來|吃不来[chi1 bu5 lai2])"
"她","她","tā","ta1","1","Level 1","she"
"还","還","hái","hai2","1","Level 1","to pay back/to return"
"没","沒","méi","mei2","1","Level 1","drowned/to end/to die/to inundate"
"很","很","hěn","hen3","1","Level 1","(adverb of degree)/quite/very/awfully"
"好","好","hǎo","hao3","1","Level 1","to be fond of; to have a tendency to; to be prone to"
"中","中","zhōng","zhong1","1","Level 1","to hit (the mark)/to be hit by/to suffer/to win (a prize, a lottery)"
"年","秊年","nián","nian2","1","Level 1","grain/harvest (old)/variant of 年[nian2]"
"大","大","dà","da4","1","Level 1","big"
"给","給","gěi","gei3","1","Level 1","to supply/to provide"
"从","從","cóng","cong2","1","Level 1","from; through; via/(bound form) to follow/(bound form) to obey/(bound form) to engage in (an activity)/(used before a negative) ever/(bound form) (Taiwan pr. [zong4]) retainer; attendant/(bound form) (Taiwan pr. [zong4]) assistant; auxiliary; subordinate/(bound form) (Taiwan pr. [zong4]) related by common paternal grandfather or earlier ancestor"
"看","看","kàn","kan4","1","Level 1","to see; to look at/to read/to watch/to visit; to call on/to consider; to regard as/to look after/to treat (a patient or illness)/to depend on/to feel (that)/(after a verb) to give it a try/to watch out for"
"去","去","qù","qu4","1","Level 1","to go/to go to (a place)/(of a time etc) last/just passed/to send/to remove/to get rid of/to reduce/to be apart from in space or time/to die (euphemism)/to play (a part)/(when used either before or after a verb) to go in order to do sth/(after a verb of motion indicates movement away from the speaker)/(used after certain verbs to indicate detachment or separation)"
"能","能","néng","neng2","1","Level 1","can/to be able to/might possibly/ability/(physics) energy"
"两","兩","liǎng","liang3","1","Level 1","two/both/some/a few/tael, unit of weight equal to 50 grams (modern) or 1⁄16 of a catty 斤[jin1] (old)"
"下","下","xià","xia4","1","Level 1","down/downwards/below/lower/later/next (week etc)/second (of two parts)/to decline/to go down/to arrive at (a decision, conclusion etc)/measure word to show the frequency of an action"
"做","做","zuò","zuo4","1","Level 1","to make; to produce/to write; to compose/to do; to engage in; to hold (a party etc)/(of a person) to be (an intermediary, a good student etc); to become (husband and wife, friends etc)/(of a thing) to serve as; to be used for/to assume (an air or manner)"
"等","等","děng","deng3","1","Level 1","to wait for; to await/by the time; when; till/and so on; etc.; et al./(bound form) class; rank; grade/(bound form) equal to; same as/(used to end an enumeration)/(literary) (plural suffix attached to a personal pronoun or noun)"
"三","三","sān","san1","1","Level 1","three/3"
"里","里裡","lǐ","li3","1","Level 1","li, ancient measure of length, approx. 500 m/neighborhood/ancient administrative unit of 25 families"
"过","過","guò","guo4","1","Level 1","(experienced action marker)"
"那","那","nà","na4","1","Level 1","(archaic) many/beautiful/how/that"
"后","後后","hòu","hou4","1","Level 1","back/behind/rear/afterwards/after/later/post-"
"想","想","xiǎng","xiang3","1","Level 1","to think (about)/to think of; to devise/to think (that); to believe (that)/to desire; to want (to)/to miss (feel wistful about the absence of)"
"地","地","dì","di4","1","Level 1","earth/ground/field/place/land"
"用","用","yòng","yong4","1","Level 1","to use/to employ/to have to/to eat or drink/expense or outlay/usefulness/hence/therefore"
"出","出","chū","chu1","1","Level 1","to go out; to leave; to exit"
"现","現","xiàn","xian4","1","Level 1","to appear/present/now/existing/current"
"次","次","cì","ci4","1","Level 1","next in sequence/second/the second (day, time etc)/secondary/vice-/sub-/infra-/inferior quality/substandard/order/sequence/hypo- (chemistry)/classifier for enumerated events: time"
"最","最","zuì","zui4","1","Level 1","most/the most/-est (superlative suffix)"
"什","什","shén","shen2","1","Level 1","ten (used in fractions, writing checks etc)/assorted/miscellaneous"
"小","小","xiǎo","xiao3","1","Level 1","small/tiny/few/young"
"月","月","yuè","yue4","1","Level 1","moon/month/monthly"
"天","天","tiān","tian1","1","Level 1","day/sky/heaven"
"工","工","gōng","gong1","1","Level 1","work/worker/skill/profession/trade/craft/labor"
"作","作","zuò","zuo4","1","Level 1","to do; to engage in/to write; to compose/to pretend; to feign/to regard as; to consider to be/to be; to act the part of/to feel (itchy, nauseous etc)/writings; works"
"家","家","jiā","jia1","1","Level 1","home/family/(polite) my (sister, uncle etc)/classifier for families or businesses/refers to the philosophical schools of pre-Han China/noun suffix for a specialist in some activity, such as a musician or revolutionary, corresponding to English -ist, -er, -ary or -ian/CL:個|个[ge4]"
"再","再","zài","zai4","1","Level 1","again; once more; re-/second; another/then (after sth, and not until then)/no matter how ... (followed by an adjective or verb, and then (usually) 也[ye3] or 都[dou1] for emphasis)"
"时","時","shí","shi2","1","Level 1","o'clock/time/when/hour/season/period"
"间","間","jiān","jian1","1","Level 1","gap/to separate/to thin out (seedlings)/to sow discontent"
"前","前","qián","qian2","1","Level 1","front/forward/ahead/first/top (followed by a number)/future/ago/before/BC/former/formerly"
"新","新","xīn","xin1","1","Level 1","new/newly/meso- (chemistry)"
"候","候","hòu","hou4","1","Level 1","to wait/to inquire after/to watch/season/climate/(old) period of five days"
"些","些","xiē","xie1","1","Level 1","classifier indicating a small amount or small number greater than 1: some, a few, several"
"比","比","bǐ","bi3","1","Level 1","to compare/(followed by a noun and adjective) more {adj.} than {noun}/ratio/to gesture"
"走","走","zǒu","zou3","1","Level 1","to walk/to go/to run/to move (of vehicle)/to visit/to leave/to go away/to die (euph.)/from/through/away/to change (shape, form, meaning)"
"太","太","tài","tai4","1","Level 1","highest/greatest/too (much)/very/extremely"
"找","找","zhǎo","zhao3","1","Level 1","to try to find/to look for/to call on sb/to find/to seek/to return/to give change"
"四","四","sì","si4","1","Level 1","four/4"
"几","幾几","jǐ","ji3","1","Level 1","how much/how many/several/a few"
"本","本","běn","ben3","1","Level 1","root/stem/origin/source/this/the current/original/inherent/originally/classifier for books, periodicals, files etc"
"打","打","dǎ","da3","1","Level 1","to beat/to strike/to hit/to break/to type/to mix up/to build/to fight/to fetch/to make/to tie up/to issue/to shoot/to calculate/to play (a game)/since/from"
"呢","呢","ne","ne","1","Level 1","woolen material"
"事","事","shì","shi4","1","Level 1","matter/thing/item/work/affair"
"起","起","qǐ","qi3","1","Level 1","to rise/to raise/to get up/to set out/to start/to appear/to launch/to initiate (action)/to draft/to establish/to get (from a depot or counter)/verb suffix, to start/starting from (a time, place, price etc)/classifier for occurrences or unpredictable events: case, instance/classifier for groups: batch, group"
"车","車","chē","che1","1","Level 1","war chariot (archaic)/rook (in Chinese chess)/rook (in chess)"
"非","非","fēi","fei1","1","Level 1","to not be; not/wrong; incorrect/non-; un-; in-; de-/to reproach; to blame/(coll.) to insist on; simply must"
"常","常","cháng","chang2","1","Level 1","always/ever/often/frequently/common/general/constant"
"知","知","zhī","zhi1","1","Level 1","to know/to be aware"
"道","道","dào","dao4","1","Level 1","road/path/to say/to speak/to talk/classifier for long thin things (rivers, cracks etc), barriers (walls, doors etc), questions (in an exam etc), commands, courses in a meal, steps in a process/(old) circuit (administrative division)"
"手","手","shǒu","shou3","1","Level 1","hand/(formal) to hold/person engaged in certain types of work/person skilled in certain types of work/personal(ly)/convenient/classifier for skill"
"今","今","jīn","jin1","1","Level 1","now/the present time/current/contemporary/this (day, year etc)"
"五","五","wǔ","wu3","1","Level 1","five/5"
"二","二","èr","er4","1","Level 1","two/2/(Beijing dialect) stupid"
"吗","嗎","ma","ma","1","Level 1","(question particle for ""yes-no"" questions)"
"真","真","zhēn","zhen1","1","Level 1","really/truly/indeed/real/true/genuine"
"跟","跟","gēn","gen1","1","Level 1","heel/to follow closely/to go with/(of a woman) to marry sb/with/compared with/to/towards/and (joining two nouns)"
"孩","孩","hái","hai2","1","Level 1","(bound form) child"
"子","子","zi","zi","1","Level 1","(noun suffix)"
"高","高","gāo","gao1","1","Level 1","high/tall/above average/loud/your (honorific)"
"日","日","rì","ri4","1","Level 1","sun/day/date, day of the month"
"觉","覺","jué","jue2","1","Level 1","to feel/to find that/thinking/awake/aware"
"得","得","dé","de2","1","Level 1","to have to/must/ought to/to need to"
"吧","吧","ba","ba","1","Level 1","(onom.) smack!"
"钱","錢","qián","qian2","1","Level 1","coin/money"
"开","開","kāi","kai1","1","Level 1","to open (transitive or intransitive)/(of ships, vehicles, troops etc) to start/to turn on; to put in operation; to operate; to run/to boil/to write out (a prescription, check, invoice etc)/(directional complement) away; off/carat (gold)/abbr. for Kelvin, 開爾文|开尔文[Kai1 er3 wen2]/abbr. for 開本|开本[kai1 ben3], book format"
"岁","歲","suì","sui4","1","Level 1","classifier for years (of age)/year/year (of crop harvests)"
"身","身","shēn","shen1","2","Level 2","body/life/oneself/personally/one's morality and conduct/the main part of a structure or body/pregnant/classifier for sets of clothes: suit, twinset/Kangxi radical 158"
"重","重","zhòng","zhong4","2","Level 2","heavy/serious/to attach importance to"
"爱","愛","ài","ai4","2","Level 2","to love; to be fond of; to like/affection/to be inclined (to do sth); to tend to (happen)"
"国","國","guó","guo2","2","Level 2","country; nation; state/(bound form) national"
"买","買","mǎi","mai3","2","Level 2","to buy/to purchase"
"号","號","hào","hao4","2","Level 2","ordinal number/day of a month/mark/sign/business establishment/size/ship suffix/horn (wind instrument)/bugle call/assumed name/to take a pulse/classifier used to indicate number of people"
"喜","喜","xǐ","xi3","2","Level 2","to be fond of/to like/to enjoy/to be happy/to feel pleased/happiness/delight/glad"
"欢","驩讙歡","huān","huan1","2","Level 2","happy/pleased/glad/joyous"
"怎","怎","zěn","zen3","2","Level 2","how"
"分","分","fēn","fen1","2","Level 2","part/share/ingredient/component"
"谁","誰","shuí","shui2","2","Level 2","who"
"告","告","gào","gao4","2","Level 2","to say/to tell/to announce/to report/to denounce/to file a lawsuit/to sue"
"诉","訴","sù","su4","2","Level 2","to complain/to sue/to tell"
"样","樣","yàng","yang4","2","Level 2","manner/pattern/way/appearance/shape/classifier: kind, type"
"方","方","fāng","fang1","2","Level 2","square/power or involution (math.)/upright/honest/fair and square/direction/side/party (to a contract, dispute etc)/place/method/prescription (medicine)/just when/only or just/classifier for square things/abbr. for square or cubic meter"
"十","十","shí","shi2","2","Level 2","ten/10"
"见","見","jiàn","jian4","2","Level 2","to see/to appear"
"六","六","liù","liu4","2","Level 2","six/6"
"问","問","wèn","wen4","2","Level 2","to ask; to inquire"
"正","正","zhèng","zheng4","2","Level 2","straight/upright/proper/main/principal/to correct/to rectify/exactly/just (at that time)/right (in that place)/(math.) positive"
"快","快","kuài","kuai4","2","Level 2","rapid/quick/speed/rate/soon/almost/to make haste/clever/sharp (of knives or wits)/forthright/plainspoken/gratified/pleased/pleasant"
"住","住","zhù","zhu4","2","Level 2","to live/to dwell/to stay/to reside/to stop/(suffix indicating firmness, steadiness, or coming to a halt)"
"请","請","qǐng","qing3","2","Level 2","to ask/to invite/please (do sth)/to treat (to a meal etc)/to request"
"水","水","shuǐ","shui3","2","Level 2","water/river/liquid/beverage/additional charges or income/(of clothes) classifier for number of washes"
"东","東","dōng","dong1","2","Level 2","east/host (i.e. sitting on east side of guest)/landlord"
"西","西","xī","xi1","2","Level 2","west"
"听","聽听","tīng","ting1","2","Level 2","to listen to; to hear/to heed; to obey/a can (loanword from English ""tin"")/classifier for canned beverages/to let be"
"老","老","lǎo","lao3","2","Level 2","prefix used before the surname of a person or a numeral indicating the order of birth of the children in a family or to indicate affection or familiarity/old (of people)/venerable (person)/experienced/of long standing/always/all the time/of the past/very/outdated/(of meat etc) tough"
"机","機","jī","ji1","2","Level 2","(bound form) machine; mechanism/(bound form) aircraft/(bound form) an opportunity/(bound form) crucial point; pivot/(bound form) quick-witted; flexible/(bound form) organic"
"电","電","diàn","dian4","2","Level 2","lightning/electricity/electric (bound form)/to get (or give) an electric shock/phone call or telegram etc/to send via telephone or telegram etc"
"行","行","xíng","xing2","2","Level 2","to walk/to go/to travel/a visit/temporary/makeshift/current/in circulation/to do/to perform/capable/competent/effective/all right/OK!/will do/behavior/conduct/Taiwan pr. [xing4] for the behavior-conduct sense"
"朋","朋","péng","peng2","2","Level 2","friend"
"友","友","yǒu","you3","2","Level 2","friend"
"拿","拿","ná","na2","2","Level 2","to hold/to seize/to catch/to apprehend/to take"
"路","路","lù","lu4","2","Level 2","road/journey/route/line (bus etc)/sort; kind"
"外","外","wài","wai4","2","Level 2","outside/in addition/foreign/external"
"放","放","fàng","fang4","2","Level 2","to put/to place/to release/to free/to let go/to let out/to set off (fireworks)"
"学","學","xué","xue2","2","Level 2","to learn/to study/to imitate/science/-ology"
"校","校","xiào","xiao4","2","Level 2","(bound form) school; college/(bound form) (military) field officer"
"别","別彆","bié","bie2","2","Level 2","to make sb change their ways, opinions etc"
"站","站","zhàn","zhan4","2","Level 2","station/to stand/to halt/to stop/branch of a company or organization/website"
"准","準准","zhǔn","zhun3","2","Level 2","accurate/standard/definitely/certainly/about to become (bride, son-in-law etc)/quasi-/para-"
"备","備","bèi","bei4","2","Level 2","(bound form) to prepare; to equip/(literary) fully; in every possible way"
"元","元","yuán","yuan2","2","Level 2","currency unit (esp. Chinese yuan)/(bound form) first; original; primary/(bound form) basic; fundamental/(bound form) constituent; part/(prefix) meta-/(math.) argument; variable/era (of a reign)/(Tw) (geology) eon"
"进","進","jìn","jin4","2","Level 2","to go forward/to advance/to go in/to enter/to put in/to submit/to take in/to admit/(math.) base of a number system/classifier for sections in a building or residential compound"
"写","寫","xiě","xie3","2","Level 2","to write"
"先","先","xiān","xian1","2","Level 2","beforehand; first; earlier/at first; originally/for the time being; for now/(prefix) my late (in referring to deceased relatives older than oneself)"
"您","您","nín","nin2","2","Level 2","you (courteous)"
"生","生","shēng","sheng1","2","Level 2","to be born/to give birth/life/to grow/raw/uncooked/student"
"门","門","mén","men2","2","Level 2","gate/door/opening/valve/switch/way to do something/knack/family/house/(religious) sect/school (of thought)/class/category/phylum or division (taxonomy)/classifier for large guns/classifier for lessons, subjects, branches of technology/(suffix) -gate (i.e. scandal; derived from Watergate)"
"八","八","bā","ba1","2","Level 2","eight; 8"
"七","七","qī","qi1","2","Level 2","seven/7"
"送","送","sòng","song4","2","Level 2","to send; to deliver; to transmit/to give (as a present)/to see (sb) off/to accompany; to go along with"
"花","花","huā","hua1","2","Level 2","flower/blossom"
"第","第","dì","di4","2","Level 2","(prefix indicating ordinal number)/(literary) grades in which successful candidates in the imperial examinations were placed/(old) residence of a high official/(literary) but; however/(literary) only; just"
"块","塊","kuài","kuai4","2","Level 2","lump; chunk; piece/classifier for pieces of cloth, cake, soap etc/(coll.) classifier for money and currency units"
"坐","坐","zuò","zuo4","2","Level 2","to sit/to take a seat/to take (a bus, airplane etc)/to bear fruit"
"影","影","yǐng","ying3","2","Level 2","picture/image/film/movie/photograph/reflection/shadow/trace"
"昨","昨","zuó","zuo2","2","Level 2","yesterday"
"笑","笑","xiào","xiao4","2","Level 2","to laugh; to smile/to laugh at"
"介","介","jiè","jie4","2","Level 2","to introduce/to lie between/between/shell/armor"
"绍","紹","shào","shao4","2","Level 2","to continue/to carry on"
"书","書","shū","shu1","2","Level 2","book/letter/document"
"少","少","shǎo","shao3","2","Level 2","young"
"楼","樓","lóu","lou2","2","Level 2","house with more than 1 story/storied building/floor"
"医","醫","yī","yi1","2","Level 2","medical/medicine/doctor/to cure/to treat"
"院","院","yuàn","yuan4","2","Level 2","courtyard/institution"
"早","早","zǎo","zao3","2","Level 2","early/morning/Good morning!/long ago/prematurely"
"晚","晚","wǎn","wan3","2","Level 2","evening/night/late"
"男","男","nán","nan2","2","Level 2","male/Baron, lowest of five orders of nobility"
"习","習","xí","xi2","2","Level 2","(bound form) to practice/to study/habit/custom"
"口","口","kǒu","kou3","2","Level 2","mouth/classifier for things with mouths (people, domestic animals, cannons, wells etc)/classifier for bites or mouthfuls"
"穿","穿","chuān","chuan1","2","Level 2","to wear/to put on/to dress/to bore through/to pierce/to perforate/to penetrate/to pass through/to thread"
"午","午","wǔ","wu3","2","Level 2","7th earthly branch: 11 a.m.-1 p.m., noon, 5th solar month (6th June-6th July), year of the Horse/ancient Chinese compass point: 180° (south)"
"认","認","rèn","ren4","2","Level 2","to recognize/to know/to admit"
"识","識","shí","shi2","2","Level 2","to record/to write a footnote"
"难","難","nán","nan2","2","Level 2","disaster/distress/to scold"
"球","球","qiú","qiu2","2","Level 2","ball/sphere/globe"
"九","九","jiǔ","jiu3","2","Level 2","nine/9"
"妈","媽","mā","ma1","2","Level 2","ma/mom/mother"
"汽","汽","qì","qi4","2","Level 2","steam/vapor"
"跑","跑","pǎo","pao3","2","Level 2","to run/to run away/to escape/to run around (on errands etc)/(of a gas or liquid) to leak or evaporate/(verb complement) away/off"
"动","動","dòng","dong4","2","Level 2","(of sth) to move/to set in movement/to displace/to touch/to make use of/to stir (emotions)/to alter"
"儿","兒","ér","er2","2","Level 2","non-syllabic diminutive suffix/retroflex final"
"远","遠","yuǎn","yuan3","2","Level 2","to distance oneself from (classical)"
"帮","幫","bāng","bang1","2","Level 2","to help/to assist/to support/for sb (i.e. as a help)/hired (as worker)/side (of pail, boat etc)/outer layer/upper (of a shoe)/group/gang/clique/party/secret society"
"视","視","shì","shi4","2","Level 2","(bound form) to look at"
"师","師","shī","shi1","2","Level 2","teacher/master/expert/model/army division/(old) troops/to dispatch troops"
"百","百","bǎi","bai3","2","Level 2","hundred/numerous/all kinds of"
"半","半","bàn","ban4","2","Level 2","half/semi-/incomplete/(after a number) and a half"
"干","乾干幹","gàn","gan4","2","Level 2","tree trunk/main part of sth/to manage/to work/to do/capable/cadre/to kill (slang)/to fuck (vulgar)/(coll.) pissed off/annoyed"
"体","體","tǐ","ti3","2","Level 2","body/form/style/system/substance/to experience/aspect (linguistics)"
"喝","喝","hē","he1","2","Level 2","to shout"
"网","網","wǎng","wang3","2","Level 2","net/network"
"字","字","zì","zi4","2","Level 2","letter/symbol/character/word/courtesy or style name traditionally given to males aged 20 in dynastic China"
"杯","杯","bēi","bei1","2","Level 2","trophy cup/classifier for certain containers of liquids: glass, cup"
"飞","飛","fēi","fei1","2","Level 2","to fly"
"哪","哪","nǎ","na3","2","Level 2","which? (interrogative, followed by classifier or numeral-classifier)"
"包","包","bāo","bao1","2","Level 2","to cover/to wrap/to hold/to include/to take charge of/to contract (to or for)/package/wrapper/container/bag/to hold or embrace/bundle/packet/CL:個|个[ge4],隻|只[zhi1]"
"脑","腦","nǎo","nao3","2","Level 2","brain/mind/head/essence"
"山","山","shān","shan1","2","Level 2","mountain; hill/(coll.) small bundle of straw for silkworms to spin cocoons on"
"热","熱","rè","re4","2","Level 2","to warm up/to heat up/hot (of weather)/heat/fervent"
"唱","唱","chàng","chang4","2","Level 2","to sing/to call loudly/to chant"
"名","名","míng","ming2","2","Level 2","name/noun (part of speech)/place (e.g. among winners)/famous/classifier for people"
"白","白","bái","bai2","2","Level 2","white/snowy/pure/bright/empty/blank/plain/clear/to make clear/in vain/gratuitous/free of charge/reactionary/anti-communist/funeral/to stare coldly/to write wrong character/to state/to explain/vernacular/spoken lines in opera"
"病","病","bìng","bing4","2","Level 2","illness/disease/to fall ill/defect"
"票","票","piào","piao4","2","Level 2","ticket/ballot/banknote/person held for ransom/amateur performance of Chinese opera/classifier for groups, batches, business transactions"
"睡","睡","shuì","shui4","2","Level 2","to sleep/to lie down"
"房","房","fáng","fang2","2","Level 2","house/room/branch of an extended family/classifier for family members (or concubines)"
"明","明","míng","ming2","2","Level 2","bright/opposite: dark/(of meaning) clear/to understand/next/public or open/wise/generic term for a sacrifice to the gods"
"差","差","chà","cha4","2","Level 2","to differ from/dissimilar/incongruous/wrong/difference/substandard"
"风","風","fēng","feng1","2","Level 2","wind/news/style/custom/manner"
"马","馬","mǎ","ma3","2","Level 2","horse/horse or cavalry piece in Chinese chess/knight in Western chess"
"错","錯","cuò","cuo4","2","Level 2","mistake/wrong/bad/interlocking/complex/to grind/to polish/to alternate/to stagger/to miss/to let slip/to evade/to inlay with gold or silver"
"读","讀","dú","du2","2","Level 2","to read out; to read aloud/to read/to attend (school); to study (a subject in school)/to pronounce"
"答","答","dá","da2","2","Level 2","to answer/to reply/to respond"
"兴","興","xīng","xing1","2","Level 2","feeling or desire to do sth/interest in sth/excitement"
"试","試","shì","shi4","2","Level 2","to test/to try/experiment/examination/test"
"爸","爸","bà","ba4","2","Level 2","father/dad/pa/papa"
"教","教","jiào","jiao4","2","Level 2","religion/teaching/to make/to cause/to tell"
"边","邊","biān","bian1","2","Level 2","suffix of a noun of locality"
"谢","謝","xiè","xie4","2","Level 2","to thank/to apologize/(of flowers, leaves etc) to wither/to decline"
"记","記","jì","ji4","2","Level 2","to record/to note/to memorize/to remember/mark/sign/classifier for blows, kicks, shots"
"班","班","bān","ban1","2","Level 2","team; class; grade/(military) squad/work shift/classifier for groups of people and scheduled transport vehicles"
"忙","忙","máng","mang2","2","Level 2","busy/hurriedly/to hurry/to rush"
"考","攷考","kǎo","kao3","2","Level 2","to check/to verify/to test/to examine/to take an exam/to take an entrance exam for/deceased father"
"南","南","nán","nan2","2","Level 2","south"
"关","關","guān","guan1","2","Level 2","mountain pass/to close; to shut; to turn off/to confine; to lock (sb) up; to shut (sb in a room, a bird in a cage etc)/to concern; to involve"
"同","仝同","tóng","tong2","2","Level 2","same/identical"
"衣","衣","yī","yi1","2","Level 2","to dress/to wear/to put on (clothes)"
"服","服","fú","fu2","2","Level 2","classifier for medicine: dose/Taiwan pr. [fu2]"
"北","北","běi","bei3","2","Level 2","north/(classical) to be defeated"
"菜","菜","cài","cai4","2","Level 2","vegetable; greens/(of one's skills etc) weak; poor/(coll.) (one's) type"
"休","休","xiū","xiu1","2","Level 2","to rest/to stop doing sth for a period of time/to cease/(imperative) don't"
"息","息","xī","xi1","2","Level 2","breath/news/interest (on an investment or loan)/to cease/to stop/to rest/Taiwan pr. [xi2]"
"冷","冷","lěng","leng3","2","Level 2","cold"
"肉","肉","ròu","rou4","2","Level 2","meat/flesh/pulp (of a fruit)/(coll.) (of a fruit) squashy/(of a person) flabby/irresolute/Kangxi radical 130"
"零","零","líng","ling2","2","Level 2","zero/nought/zero sign/fractional/fragmentary/odd (of numbers)/(placed between two numbers to indicate a smaller quantity followed by a larger one)/fraction/(in mathematics) remainder (after division)/extra/to wither and fall/to wither"
"坏","壞","huài","huai4","2","Level 2","bad/spoiled/broken/to break down/(suffix) to the utmost"
"树","樹","shù","shu4","2","Level 2","tree/to cultivate/to set up"
"饭","飯","fàn","fan4","2","Level 2","cooked rice/meal/(loanword) fan/devotee"
"忘","忘","wàng","wang4","2","Level 2","to forget/to overlook/to neglect"
"气","氣","qì","qi4","2","Level 2","gas; air/smell/weather/to make angry; to annoy; to get angry/vital energy; qi"
"右","右","yòu","you4","2","Level 2","(bound form) right; right-hand side/(bound form) (politics) right of center/(bound form) (old) west/(literary) the right side as the side of precedence"
"课","課","kè","ke4","2","Level 2","subject/course/to levy/tax/form of divination"
"洗","洗","xǐ","xi3","2","Level 2","to wash; to bathe/to develop (photographs)/to shuffle (cards etc)/to erase (a recording)"
"左","左","zuǒ","zuo3","2","Level 2","left/the Left (politics)/east/unorthodox/queer/wrong/differing/opposite/variant of 佐[zuo3]"
"累","纍累","lèi","lei4","2","Level 2","rope/to bind together/to twist around"
"毛","毛","máo","mao2","2","Level 2","hair/feather/down/wool/mildew/mold/coarse or semifinished/young/raw/careless/unthinking/nervous/scared/(of currency) to devalue or depreciate/classifier for Chinese fractional monetary unit"
"姐","姐","jiě","jie3","2","Level 2","older sister"
"雨","雨","yǔ","yu3","2","Level 2","(literary) to rain/(of rain, snow etc) to fall/to precipitate/to wet"
"旁","旁","páng","pang2","2","Level 2","one side/other/different/lateral component of a Chinese character"
"京","京","jīng","jing1","2","Level 2","capital city of a country/big/algebraic term for a large number (old)/artificial mound (old)"
"页","頁","yè","ye4","2","Level 2","page/leaf"
"贵","貴","guì","gui4","2","Level 2","expensive/noble/precious/(honorific) your"
"面","面麵","miàn","mian4","2","Level 2","flour/noodles/(of food) soft (not crunchy)/(slang) (of a person) ineffectual/spineless"
"哥","哥","gē","ge1","2","Level 2","elder brother"
"茶","茶","chá","cha2","2","Level 2","tea/tea plant"
"慢","慢","màn","man4","2","Level 2","slow"
"星","星","xīng","xing1","2","Level 2","star/heavenly body/satellite/small amount"
"期","期","qī","qi1","2","Level 2","a period of time/phase/stage/classifier for issues of a periodical, courses of study/time/term/period/to hope/Taiwan pr. [qi2]"
"妹","妹","mèi","mei4","2","Level 2","younger sister"
"火","火","huǒ","huo3","2","Level 2","fire/urgent/ammunition/fiery or flaming/internal heat (Chinese medicine)/hot (popular)/classifier for military units (old)/Kangxi radical 86"
"净","淨","jìng","jing4","2","Level 2","clean/completely/only/net (income, exports etc)/(Chinese opera) painted face male role"
"奶","奶嬭","nǎi","nai3","2","Level 2","breast/milk/mother"
"饿","餓","è","e4","2","Level 2","to be hungry/hungry/to starve (sb)"
"果","果","guǒ","guo3","2","Level 2","result/fruit"
"图","圖","tú","tu2","2","Level 2","diagram/picture/drawing/chart/map/to plan/to scheme/to attempt/to pursue/to seek"
"店","店","diàn","dian4","2","Level 2","inn; old-style hotel/(bound form) shop; store"
"爷","爺","yé","ye2","2","Level 2","grandpa/old gentleman"
"牛","牛","niú","niu2","2","Level 2","ox/cow/bull/(slang) awesome"
"商","商","shāng","shang1","2","Level 2","commerce/merchant/dealer/to consult/2nd note in pentatonic scale/quotient"
"馆","館","guǎn","guan3","2","Level 2","building/shop/term for certain service establishments/embassy or consulate/schoolroom (old)/CL:家[jia1]"
"文","文","wén","wen2","2","Level 2","language/culture/writing/formal/literary/gentle/(old) classifier for coins/Kangxi radical 67"
"鸡","雞","jī","ji1","2","Level 2","fowl/chicken/(slang) prostitute"
"蛋","蛋","dàn","dan4","2","Level 2","egg"
"玩","玩","wán","wan2","2","Level 2","play/tease/dabble in"
"系","系繫係","xì","xi4","2","Level 2","to connect/to arrest/to worry"
"假","假","jiǎ","jia3","2","Level 2","to disguise/to fake/false/deception/to borrow"
"语","語","yǔ","yu3","2","Level 2","to tell to"
"汉","漢","hàn","han4","2","Level 2","man"
"客","客","kè","ke4","2","Level 2","customer/visitor/guest"
"渴","渴","kě","ke3","2","Level 2","thirsty"
"米","米","mǐ","mi3","2","Level 2","rice"
"条","條","tiáo","tiao2","2","Level 2","strip/item/article/clause (of law or treaty)/classifier for long thin things (ribbon, river, road, trousers etc)"
"自","自","zì","zi4","2","Level 2","(bound form) self; oneself/from; since/naturally; as a matter of course"
"己","己","jǐ","ji3","2","Level 2","self/oneself/sixth of the ten Heavenly Stems/sixth in order/letter ""F"" or Roman ""VI"" in list ""A, B, C"", or ""I, II, III"" etc/hexa"
"但","但","dàn","dan4","2","Level 2","but; yet; however; still/merely; only; just"
"可","可","kě","ke3","2","Level 2","can; may/to approve/to fit"
"以","以","yǐ","yi3","2","Level 2","to use/by means of/according to/in order to/because of/at (a certain date or place)"
"让","讓","ràng","rang4","2","Level 2","to yield/to permit/to let sb do sth/to have sb do sth/to make sb (feel sad etc)/by (indicates the agent in a passive clause, like 被[bei4])"
"又","又","yòu","you4","2","Level 2","(once) again/also/both... and.../and yet/(used for emphasis) anyway"
"已","已","yǐ","yi3","2","Level 2","already/to stop/then/afterwards"
"经","經","jīng","jing1","2","Level 2","classics/sacred book/scripture/to pass through/to undergo/to bear/to endure/warp (textile)/longitude/menstruation/channel (TCM)/abbr. for economics 經濟|经济[jing1 ji4]"
"因","因","yīn","yin1","2","Level 2","cause/reason/because"
"题","題","tí","ti2","2","Level 2","topic/problem for discussion/exam question/subject/to inscribe/to mention"
"如","如","rú","ru2","2","Level 2","as/as if/such as"
"更","更","gèng","geng4","2","Level 2","more/even more/further/still/still more"
"它","它","tā","ta1","2","Level 2","it"
"只","隻秖只","zhǐ","zhi3","2","Level 2","classifier for birds and certain animals, one of a pair, some utensils, vessels etc"
"向","嚮向","xiàng","xiang4","3","Level 3","direction/orientation/to face/to turn toward/to/towards/shortly before/formerly"
"该","該","gāi","gai1","3","Level 3","should/ought to/probably/must be/to deserve/to owe/to be sb's turn to do sth/that/the above-mentioned"
"位","位","wèi","wei4","3","Level 3","position/location/place/seat/classifier for people (honorific)/classifier for binary bits/(physics) potential"
"才","纔才","cái","cai2","3","Level 3","ability; gift/just now"
"当","噹當","dāng","dang1","3","Level 3","at or in the very same.../suitable/adequate/fitting/proper/to replace/to regard as/to think/to pawn/(coll.) to fail (a student)"
"所","所","suǒ","suo3","3","Level 3","actually/place/classifier for houses, small buildings, institutions etc/that which/particle introducing a relative clause or passive"
"公","公","gōng","gong1","3","Level 3","public/collectively owned/common/international (e.g. high seas, metric system, calendar)/make public/fair/just/Duke, highest of five orders of nobility/honorable (gentlemen)/father-in-law/male (animal)"
"司","司","sī","si1","3","Level 3","to take charge of/to manage/department (under a ministry)"
"万","萬","wàn","wan4","3","Level 3","ten thousand/a great number"
"像","像","xiàng","xiang4","3","Level 3","to resemble/to be like/to look as if/such as/appearance/image/portrait/image under a mapping (math.)"
"活","活","huó","huo2","3","Level 3","to live/alive/living/work/workmanship"
"发","髮發","fā","fa1","3","Level 3","hair"
"应","應","yīng","ying1","3","Level 3","to answer/to respond/to comply with/to deal or cope with"
"成","成","chéng","cheng2","3","Level 3","to succeed/to finish/to complete/to accomplish/to become/to turn into/to be all right/OK!/one tenth"
"直","直","zhí","zhi2","3","Level 3","straight/to straighten/fair and reasonable/frank/straightforward/(indicates continuing motion or action)/vertical/vertical downward stroke in Chinese characters"
"定","定","dìng","ding4","3","Level 3","to fix; to set; to make definite/to subscribe to (a newspaper etc); to book (tickets etc); to order (goods etc)/to congeal; to coagulate/(literary) definitely"
"带","帶","dài","dai4","3","Level 3","band/belt/girdle/ribbon/tire/area/zone/region/to wear/to carry/to take along/to bear (i.e. to have)/to lead/to bring/to look after/to raise"
"或","或","huò","huo4","3","Level 3","maybe/perhaps/might/possibly/or"
"长","長","zhǎng","zhang3","3","Level 3","chief/head/elder/to grow/to develop/to increase/to enhance"
"而","而","ér","er2","3","Level 3","and/as well as/and so/but (not)/yet (not)/(indicates causal relation)/(indicates change of state)/(indicates contrast)"
"且","且","qiě","qie3","3","Level 3","and/moreover/yet/for the time being/to be about to/both (... and...)"
"其","其","qí","qi2","3","Level 3","his/her/its/their/that/such/it (refers to sth preceding it)"
"通","通","tōng","tong1","3","Level 3","classifier for an activity, taken in its entirety (tirade of abuse, stint of music playing, bout of drinking etc)"
"必","必","bì","bi4","3","Level 3","certainly/must/will/necessarily"
"须","鬚須","xū","xu1","3","Level 3","beard/mustache/feeler (of an insect etc)/tassel"
"求","求","qiú","qiu2","3","Level 3","to seek/to look for/to request/to demand/to beseech"
"虽","雖","suī","sui1","3","Level 3","although/even though"
"然","然","rán","ran2","3","Level 3","correct/right/so/thus/like this/-ly"
"啊","啊","a","a","3","Level 3","modal particle ending sentence, showing affirmation, approval, or consent"
"加","加","jiā","jia1","3","Level 3","to add/plus/to apply (restrictions etc) to (sb)/to give (support, consideration etc) to (sth)"
"件","件","jiàn","jian4","3","Level 3","item/component/classifier for events, things, clothes etc"
"情","情","qíng","qing2","3","Level 3","(bound form) feelings; emotion; sentiment; passion/(bound form) situation; condition"
"结","結","jié","jie2","3","Level 3","knot/sturdy/bond/to tie/to bind/to check out (of a hotel)"
"感","感","gǎn","gan3","3","Level 3","to feel/to move/to touch/to affect/feeling/emotion/(suffix) sense of ~"
"头","頭","tóu","tou2","3","Level 3","suffix for nouns"
"者","者","zhě","zhe3","3","Level 3","(after a verb or adjective) one who (is) .../(after a noun) person involved in .../-er/-ist/(used after a number or 後|后[hou4] or 前[qian2] to refer to sth mentioned previously)/(used after a term, to mark a pause before defining the term)/(old) (used at the end of a command)/(old) this"
"全","全","quán","quan2","3","Level 3","all/whole/entire/every/complete"
"入","入","rù","ru4","3","Level 3","to enter/to go into/to join/to become a member of/to confirm or agree with"
"安","安","ān","an1","3","Level 3","(bound form) calm; peaceful/to calm; to set at ease/safe; secure; in good health/content; satisfied/to place (sb) in a suitable position (job)/to install; to fix; to fit/to bring (a charge against sb)/to harbor (certain intentions)/ampere"
"够","夠","gòu","gou4","3","Level 3","enough (sufficient)/enough (too much)/(coll.) (before adj.) really/(coll.) to reach by stretching out"
"信","信","xìn","xin4","3","Level 3","letter/mail/to trust/to believe/to profess faith in/truthful/confidence/trust/at will/at random"
"完","完","wán","wan2","3","Level 3","to finish/to be over/whole/complete/entire"
"响","響","xiǎng","xiang3","3","Level 3","echo/sound/noise/to make a sound/to sound/to ring/loud/classifier for noises"
"原","原","yuán","yuan2","3","Level 3","former/original/primary/raw/level/cause/source"
"计","計","jì","ji4","3","Level 3","to calculate/to compute/to count/to regard as important/to plan/ruse/meter/gauge"
"划","劃划","huà","hua4","3","Level 3","to delimit/to transfer/to assign/to plan/to draw (a line)/stroke of a Chinese character"
"使","使","shǐ","shi3","3","Level 3","to make/to cause/to enable/to use/to employ/to send/to instruct sb to do sth/envoy/messenger"
"接","接","jiē","jie1","3","Level 3","to receive/to answer (the phone)/to meet or welcome sb/to connect/to catch/to join/to extend/to take one's turn on duty/to take over for sb"
"受","受","shòu","shou4","3","Level 3","to receive/to accept/to suffer/subjected to/to bear/to stand/pleasant/(passive marker)"
"拉","拉","lā","la1","3","Level 3","to pull/to play (a bowed instrument)/to drag/to draw/to chat/(coll.) to empty one's bowels"
"周","周週","zhōu","zhou1","3","Level 3","week/weekly/variant of 周[zhou1]"
"特","特","tè","te4","3","Level 3","special/unique/distinguished/especially/unusual/very"
"部","部","bù","bu4","3","Level 3","ministry/department/section/part/division/troops/board/classifier for works of literature, films, machines etc"
"短","短","duǎn","duan3","3","Level 3","short/brief/to lack/weak point/fault"
"务","務","wù","wu4","3","Level 3","affair/business/matter/to be engaged in/to attend to/by all means"
"片","片","piàn","pian4","3","Level 3","thin piece/flake/a slice/film/TV play/to slice/to carve thin/partial/incomplete/one-sided/classifier for slices, tablets, tract of land, area of water/classifier for CDs, movies, DVDs etc/used with numeral 一[yi1]: classifier for scenario, scene, feeling, atmosphere, sound etc/Kangxi radical 91"
"钟","鐘鍾","zhōng","zhong1","3","Level 3","clock/o'clock/time as measured in hours and minutes/bell"
"表","表錶","biǎo","biao3","3","Level 3","watch (timepiece)/meter; gauge"
"示","示","shì","shi4","3","Level 3","to show/to reveal"
"卡","卡","kǎ","ka3","3","Level 3","to block/to be stuck/to be wedged/customs station/a clip/a fastener/a checkpost/Taiwan pr. [ka3]"
"刚","剛","gāng","gang1","3","Level 3","hard/firm/strong/just/barely/exactly"
"讲","講","jiǎng","jiang3","3","Level 3","to speak/to explain/to negotiate/to emphasize/to be particular about/as far as sth is concerned/speech/lecture"
"相","相","xiāng","xiang1","3","Level 3","appearance/portrait/picture/government minister/(physics) phase/(literary) to appraise (esp. by scrutinizing physical features)/to read sb's fortune (by physiognomy, palmistry etc)"
"助","助","zhù","zhu4","3","Level 3","to help/to assist"
"努","努","nǔ","nu3","3","Level 3","to exert/to strive"
"力","力","lì","li4","3","Level 3","power/force/strength/ability/strenuously"
"心","心","xīn","xin1","3","Level 3","heart/mind/intention/center/core"
"越","越","yuè","yue4","3","Level 3","to exceed/to climb over/to surpass/the more... the more"
"主","主","zhǔ","zhu3","3","Level 3","owner/master/host/individual or party concerned/God/Lord/main/to indicate or signify/trump card (in card games)"
"千","千","qiān","qian1","3","Level 3","thousand"
"段","段","duàn","duan4","3","Level 3","paragraph/section/segment/stage (of a process)/classifier for stories, periods of time, lengths of thread etc"
"组","組","zǔ","zu3","3","Level 3","to form/to organize/group/team/classifier for sets, series, groups of people, batteries"
"卖","賣","mài","mai4","3","Level 3","to sell/to betray/to spare no effort/to show off or flaunt"
"办","辦","bàn","ban4","3","Level 3","to do/to manage/to handle/to go about/to run/to set up/to deal with"
"法","法","fǎ","fa3","3","Level 3","law"
"闻","聞","wén","wen2","3","Level 3","to hear/news/well-known/famous/reputation/fame/to smell/to sniff at"
"般","般","bān","ban1","3","Level 3","sort; kind; class/similar to"
"近","近","jìn","jin4","3","Level 3","near/close to/approximately"
"变","變","biàn","bian4","3","Level 3","to change/to become different/to transform/to vary/rebellion"
"辆","輛","liàng","liang4","3","Level 3","classifier for vehicles"
"庭","庭","tíng","ting2","3","Level 3","main hall/front courtyard/law court"
"音","音","yīn","yin1","3","Level 3","sound/noise/note (of musical scale)/tone/news/syllable/reading (phonetic value of a character)"
"乐","樂","lè","le4","3","Level 3","music"
"交","交","jiāo","jiao1","3","Level 3","to hand over/to deliver/to pay (money)/to turn over/to make friends/to intersect (lines)"
"离","离離","lí","li2","3","Level 3","to leave/to part from/to be away from/(in giving distances) from/without (sth)/independent of/one of the Eight Trigrams 八卦[ba1 gua4], symbolizing fire/☲"
"套","套","tào","tao4","3","Level 3","to cover/to encase/cover/sheath/to overlap/to interleave/to model after/to copy/formula/harness/loop of rope/(fig.) to fish for/to obtain slyly/classifier for sets, collections/bend (of a river or mountain range, in place names)/tau (Greek letter Ττ)"
"改","改","gǎi","gai3","3","Level 3","to change/to alter/to transform/to correct"
"许","許","xǔ","xu3","3","Level 3","to allow/to permit/to promise/to praise/somewhat/perhaps"
"份","份","fèn","fen4","3","Level 3","classifier for gifts, newspaper, magazine, papers, reports, contracts etc"
"红","紅","hóng","hong2","3","Level 3","red/popular/revolutionary/bonus"
"低","低","dī","di1","3","Level 3","low/beneath/to lower (one's head)/to let droop/to hang down/to incline"
"队","隊","duì","dui4","3","Level 3","squadron/team/group"
"育","育","yù","yu4","3","Level 3","to have children/to raise or bring up/to educate"
"数","數","shù","shu4","3","Level 3","(literary) frequently; repeatedly"
"座","座","zuò","zuo4","3","Level 3","seat/base/stand/classifier for buildings, mountains and similar immovable objects"
"市","市","shì","shi4","3","Level 3","market/city"
"换","換","huàn","huan4","3","Level 3","to exchange/to change (clothes etc)/to substitute/to switch/to convert (currency)"
"银","銀","yín","yin2","3","Level 3","silver/silver-colored/relating to money or currency"
"句","句","jù","ju4","3","Level 3","sentence/clause/phrase/classifier for phrases or lines of verse"
"际","際","jì","ji4","3","Level 3","border/edge/boundary/interval/between/inter-/to meet/time/occasion/to meet with (circumstances)"
"靠","靠","kào","kao4","3","Level 3","to lean against or on/to stand by the side of/to come near to/to depend on/to trust/to fuck (vulgar)/traditional military costume drama where the performers wear armor (old)"
"称","稱","chēng","cheng1","3","Level 3","appellation/praise/steelyard"
"选","選","xuǎn","xuan3","3","Level 3","to choose/to pick/to select/to elect"
"提","提","tí","ti2","3","Level 3","to carry (hanging down from the hand)/to lift/to put forward/to mention/to raise (an issue)/upwards character stroke/lifting brush stroke (in painting)/scoop for measuring liquid"
"末","末","mò","mo4","3","Level 3","tip/end/final stage/latter part/inessential detail/powder/dust/opera role of old man"
"检","檢","jiǎn","jian3","3","Level 3","to check/to examine/to inspect/to exercise restraint"
"故","故","gù","gu4","3","Level 3","happening/instance/reason/cause/intentional/former/old/friend/therefore/hence/(of people) to die, dead"
"脸","臉","liǎn","lian3","3","Level 3","face"
"掉","掉","diào","diao4","3","Level 3","to fall/to drop/to lag behind/to lose/to go missing/to reduce/fall (in prices)/to lose (value, weight etc)/to wag/to swing/to turn/to change/to exchange/to swap/to show off/to shed (hair)/(used after certain verbs to express completion, fulfillment, removal etc)"
"黑","黑","hēi","hei1","3","Level 3","black/dark/sinister/secret/shady/illegal/to hide (sth) away/to vilify/(loanword) to hack (computing)"
"度","度","dù","du4","3","Level 3","to estimate"
"收","收","shōu","shou1","3","Level 3","to receive/to accept/to collect/to put away/to restrain/to stop/in care of (used on address line after name)"
"省","省","shěng","sheng3","3","Level 3","(bound form) to scrutinize/(bound form) to reflect (on one's conduct)/(bound form) to come to realize/(bound form) to pay a visit (to one's parents or elders)"
"海","海","hǎi","hai3","3","Level 3","ocean/sea/great number of people or things/(dialect) numerous"
"愿","愿願","yuàn","yuan4","3","Level 3","(bound form) wish; hope; desire/to be willing/to wish (that sth may happen); may .../vow; pledge"
"意","意","yì","yi4","3","Level 3","idea/meaning/thought/to think/wish/desire/intention/to expect/to anticipate"
"实","實","shí","shi2","3","Level 3","real/true/honest/really/solid/fruit/seed/definitely"
"超","超","chāo","chao1","3","Level 3","to exceed/to overtake/to surpass/to transcend/to pass/to cross/ultra-/super-"
"健","健","jiàn","jian4","3","Level 3","healthy/to invigorate/to strengthen/to be good at/to be strong in"
"康","康","kāng","kang1","3","Level 3","healthy/peaceful/abundant"
"眼","眼","yǎn","yan3","3","Level 3","eye/small hole/crux (of a matter)/classifier for big hollow things (wells, stoves, pots etc)"
"清","清","qīng","qing1","3","Level 3","(of water etc) clear; clean/quiet; still/pure; uncorrupted/clear; distinct/to clear; to settle (accounts)"
"楚","楚","chǔ","chu3","3","Level 3","distinct/clear/orderly/pain/suffering/deciduous bush used in Chinese medicine (genus Vitex)/punishment cane (old)"
"倒","倒","dào","dao4","3","Level 3","to invert; to place upside down or frontside back/to pour out/to tip out; to dump/inverted; upside down; reversed/to go backward/contrary to what one might expect; but; yet"
"装","裝","zhuāng","zhuang1","3","Level 3","adornment/to adorn/dress/clothing/costume (of an actor in a play)/to play a role/to pretend/to install/to fix/to wrap (sth in a bag)/to load/to pack"
"停","停","tíng","ting2","3","Level 3","to stop/to halt/to park (a car)"
"亿","億","yì","yi4","3","Level 3","100 million"
"算","算","suàn","suan4","3","Level 3","to regard as/to figure/to calculate/to compute"
"声","聲","shēng","sheng1","3","Level 3","sound/voice/tone/noise/reputation/classifier for sounds"
"照","照","zhào","zhao4","3","Level 3","according to/in accordance with/to shine/to illuminate/to reflect/to look at (one's reflection)/to take (a photo)/photo/as requested/as before"
"广","广廣","guǎng","guang3","3","Level 3","wide/numerous/to spread"
"永","永","yǒng","yong3","3","Level 3","forever/always/perpetual"
"层","層","céng","ceng2","3","Level 3","to pile on top of one another/layer; stratum/floor (of a building); story/(math.) sheaf/classifier for layers"
"平","平","píng","ping2","3","Level 3","flat/level/equal/to tie (make the same score)/to draw (score)/calm/peaceful"
"药","葯藥","yào","yao4","3","Level 3","medicine/drug/substance used for a specific purpose (e.g. poisoning, explosion, fermenting)/to poison"
"级","級","jí","ji2","3","Level 3","level/grade/rank/step (of stairs)/classifier: step, level"
"狗","狗","gǒu","gou3","3","Level 3","dog"
"节","節","jié","jie2","3","Level 3","joint; node/(bound form) section; segment/solar term (one of the 24 divisions of the year in the traditional Chinese calendar)/seasonal festival/(bound form) to economize; to save/(bound form) moral integrity; chastity/classifier for segments: lessons, train wagons, biblical verses etc/knot (nautical miles per hour)"
"目","目","mù","mu4","3","Level 3","eye/(literary) to look; to regard/eye (of a net); mesh/mesh size; grit size/item; section/list; catalogue/(taxonomy) order/name; title"
"睛","睛","jīng","jing1","3","Level 3","eye; eyeball"
"满","滿","mǎn","man3","3","Level 3","to fill/full/filled/packed/fully/completely/quite/to reach the limit/to satisfy/satisfied/contented"
"酒","酒","jiǔ","jiu3","3","Level 3","wine (esp. rice wine)/liquor/spirits/alcoholic beverage"
"迎","迎","yíng","ying2","3","Level 3","to welcome; to meet/to forge ahead (esp. in the face of difficulties); to meet face to face"
"举","舉","jǔ","ju3","3","Level 3","to lift/to hold up/to cite/to enumerate/to act/to raise/to choose/to elect/act/move/deed"
"科","科","kē","ke1","3","Level 3","branch of study/administrative section/division/field/branch/stage directions/family (taxonomy)/rules/laws/to mete out (punishment)/to levy (taxes etc)/to fine sb"
"占","占","zhàn","zhan4","3","Level 3","to take possession of/to occupy/to take up"
"排","排","pái","pai2","3","Level 3","a row/a line/to set in order/to arrange/to line up/to eliminate/to drain/to push open/platoon/raft/classifier for lines, rows etc"
"轻","輕","qīng","qing1","3","Level 3","light/easy/gentle/soft/reckless/unimportant/frivolous/small in number/unstressed/neutral/to disparage"
"讨","討","tǎo","tao3","3","Level 3","to invite/to provoke/to demand or ask for/to send armed forces to suppress/to denounce or condemn/to marry (a woman)/to discuss or study"
"论","論","lùn","lun4","3","Level 3","opinion/view/theory/doctrine/to discuss/to talk about/to regard/to consider/per/by the (kilometer, hour etc)"
"挺","挺","tǐng","ting3","3","Level 3","straight/erect/to stick out (a part of the body)/to (physically) straighten up/to support/to withstand/outstanding/(coll.) quite/very/classifier for machine guns"
"由","由","yóu","you2","3","Level 3","to follow/from/because of; due to/by; via; through/(before a noun and a verb) it is for ... to ..."
"运","運","yùn","yun4","3","Level 3","to move/to transport/to use/to apply/fortune/luck/fate"
"怕","怕","pà","pa4","3","Level 3","to be afraid/to fear/to dread/to be unable to endure/perhaps"
"脚","腳","jiǎo","jiao3","3","Level 3","foot/base/role (variant of 角[jue2])"
"普","普","pǔ","pu3","3","Level 3","general/popular/everywhere/universal"
"取","取","qǔ","qu3","3","Level 3","to take/to get/to choose/to fetch"
"笔","筆","bǐ","bi3","3","Level 3","pen/pencil/writing brush/to write or compose/the strokes of Chinese characters/classifier for sums of money, deals"
"油","油","yóu","you2","3","Level 3","oil/fat/grease/petroleum/to apply tung oil, paint or varnish/oily/greasy/glib/cunning"
"漂","漂","piāo","piao1","3","Level 3","elegant/polished"
"亮","亮","liàng","liang4","3","Level 3","bright/clear/resonant/to shine/to show/to reveal"
"夜","夜","yè","ye4","3","Level 3","night"
"画","畫","huà","hua4","3","Level 3","to draw; to paint/picture; painting/to draw (a line)/stroke of a Chinese character/(calligraphy) horizontal stroke"
"室","室","shì","shi4","3","Level 3","room/work unit/grave/scabbard/family or clan/one of the 28 constellations of Chinese astronomy"
"哭","哭","kū","ku1","3","Level 3","to cry; to weep"
"惯","慣","guàn","guan4","3","Level 3","accustomed to/used to/indulge/to spoil (a child)"
"单","單","dān","dan1","3","Level 3","bill/list/form/single/only/sole/odd number"
"绩","績","jì","ji4","3","Level 3","to spin (hemp etc)/merit/accomplishment/Taiwan pr. [ji1]"
"推","推","tuī","tui1","3","Level 3","to push/to cut/to refuse/to reject/to decline/to shirk (responsibility)/to put off/to delay/to push forward/to nominate/to elect/massage"
"流","流","liú","liu2","3","Level 3","to flow/to disseminate/to circulate or spread/to move or drift/to degenerate/to banish or send into exile/stream of water or sth resembling one/class, rate or grade"
"懂","懂","dǒng","dong3","3","Level 3","to understand/to comprehend"
"街","街","jiē","jie1","3","Level 3","street"
"鱼","魚","yú","yu2","3","Level 3","fish"
"量","量","liàng","liang4","3","Level 3","capacity/quantity/amount/to estimate/measure word"
"态","態","tài","tai4","3","Level 3","(bound form)/appearance/shape/form/state/attitude/(grammar) voice"
"猫","貓","māo","mao1","3","Level 3","cat/(dialect) to hide oneself/(coll.) modem"
"确","確","què","que4","3","Level 3","authenticated/solid/firm/real/true"
"蓝","藍","lán","lan2","3","Level 3","blue/indigo plant"
"思","思","sī","si1","3","Level 3","to think/to consider"
"篇","篇","piān","pian1","3","Level 3","sheet/piece of writing/bound set of bamboo slips used for record keeping (old)/classifier for written items: chapter, article"
"封","封","fēng","feng1","3","Level 3","to confer/to grant/to bestow a title/to seal/classifier for sealed objects, esp. letters"
"黄","黃","huáng","huang2","3","Level 3","yellow/pornographic/to fall through"
"旅","旅","lǚ","lv3","3","Level 3","trip/travel/to travel/brigade (army)"
"游","游遊","yóu","you2","3","Level 3","to walk/to tour/to roam/to travel"
"嘴","嘴","zuǐ","zui3","3","Level 3","mouth/beak/nozzle/spout (of teapot etc)"
"船","船","chuán","chuan2","3","Level 3","boat/vessel/ship"
"腿","骽腿","tuǐ","tui3","3","Level 3","leg/hip bone"
"顺","順","shùn","shun4","3","Level 3","to obey/to follow/to arrange/to make reasonable/along/favorable"
"利","利","lì","li4","3","Level 3","sharp/favorable/advantage/benefit/profit/interest/to do good to/to benefit"
"言","言","yán","yan2","3","Level 3","words/speech/to say/to talk"
"物","物","wù","wu4","3","Level 3","thing/object/matter"
"英","英","yīng","ying1","3","Level 3","hero/outstanding/excellent/(literary) flower/blossom"
"纸","紙","zhǐ","zhi3","3","Level 3","paper/classifier for documents, letter etc"
"背","背","bèi","bei4","3","Level 3","the back of a body or object/to turn one's back/to hide something from/to learn by heart/to recite from memory/unlucky (slang)/hard of hearing"
"雪","雪","xuě","xue3","3","Level 3","snow/(literary) to wipe away (a humiliation etc)"
"便","便","biàn","bian4","3","Level 3","convenient/informal/human waste"
"遍","遍","biàn","bian4","3","Level 3","everywhere/all over/classifier for actions: one time"
"词","詞","cí","ci2","3","Level 3","word/statement/speech/lyrics/a form of lyric poetry, flourishing in the Song dynasty"
"理","理","lǐ","li3","3","Level 3","texture/grain (of wood)/inner essence/intrinsic order/reason/logic/truth/science/natural science (esp. physics)/to manage/to pay attention to/to run (affairs)/to handle/to put in order/to tidy up"
"角","角","jiǎo","jiao3","3","Level 3","role (theater)/to compete/ancient three legged wine vessel/third note of pentatonic scale"
"养","養","yǎng","yang3","3","Level 3","to raise (animals)/to bring up (children)/to keep (pets)/to support/to give birth"
"急","急","jí","ji2","3","Level 3","urgent/pressing/rapid/hurried/worried/to make (sb) anxious"
"观","觀","guān","guan1","3","Level 3","Taoist monastery/palace gate watchtower/platform"
"鸟","鳥","niǎo","niao3","3","Level 3","bird/""bird"" radical in Chinese characters (Kangxi radical 196)/(dialect) to pay attention to/(intensifier) damned/goddamn"
"墙","牆","qiáng","qiang2","3","Level 3","wall"
"颜","顏顔","yán","yan2","3","Level 3","countenance/facial expression/color"
"色","色","sè","se4","3","Level 3","(coll.) color"
"阳","陽","yáng","yang2","3","Level 3","positive (electric.)/sun/male principle (Taoism)/Yang"
"顾","顧","gù","gu4","3","Level 3","to look after; to take into consideration; to attend to"
"河","河","hé","he2","3","Level 3","river"
"报","報","bào","bao4","3","Level 3","to announce/to inform/report/newspaper/recompense/revenge"
"味","味","wèi","wei4","3","Level 3","taste/smell/(fig.) (noun suffix) feel/quality/sense/(TCM) classifier for ingredients of a medicine prescription"
"租","租","zū","zu1","3","Level 3","to hire/to rent/to charter/to rent out/to lease out/rent/land tax"
"喊","喊","hǎn","han3","3","Level 3","to yell/to shout/to call out for (a person)"
"灯","燈","dēng","deng1","3","Level 3","lamp/light/lantern"
"空","空","kōng","kong1","3","Level 3","to empty/vacant/unoccupied/space/leisure/free time"
"青","青","qīng","qing1","3","Level 3","green/blue/black/youth/young (of people)"
"吹","吹","chuī","chui1","3","Level 3","to blow/to play a wind instrument/to blast/to puff/to boast/to brag/to end in failure/to fall through"
"园","園","yuán","yuan2","3","Level 3","land used for growing plants/site used for public recreation"
"绿","綠","lǜ","lv4","3","Level 3","green"
"练","練","liàn","lian4","3","Level 3","to practice/to train/to drill/to perfect (one's skill)/exercise/(literary) white silk/to boil and scour raw silk"
"食","食","shí","shi2","3","Level 3","to feed (a person or animal)"
"适","適","shì","shi4","3","Level 3","to fit/suitable/proper/just (now)/comfortable/well/to go/to follow or pursue"
"骑","騎","qí","qi2","3","Level 3","to sit astride/to ride (a horse, bike etc)/classifier for saddle horses"
"久","久","jiǔ","jiu3","3","Level 3","(long) time/(long) duration of time"
"礼","禮","lǐ","li3","3","Level 3","gift/rite/ceremony/propriety/etiquette/courtesy"
"湖","湖","hú","hu2","3","Level 3","lake"
"随","隨","suí","sui2","3","Level 3","to follow/to comply with/varying according to.../to allow/subsequently"
"喂","喂餵","wèi","wei4","3","Level 3","to feed"
"爬","爬","pá","pa2","3","Level 3","to crawl/to climb/to get up or sit up"
"宜","宜","yí","yi2","3","Level 3","proper/should/suitable/appropriate"
"处","處","chù","chu4","3","Level 3","place/location/spot/point/office/department/bureau/respect/classifier for locations or items of damage: spot, point"
"云","云雲","yún","yun2","3","Level 3","cloud"
"铁","鐵","tiě","tie3","3","Level 3","iron (metal)/arms/weapons/hard/strong/violent/unshakeable/determined/close/tight (slang)"
"业","業","yè","ye4","3","Level 3","line of business/industry/occupation/job/employment/school studies/enterprise/property/(Buddhism) karma/deed/to engage in/already"
"夏","夏","xià","xia4","3","Level 3","summer"
"例","例","lì","li4","3","Level 3","example/precedent/rule/case/instance"
"疼","疼","téng","teng2","3","Level 3","(it) hurts; sore/to love dearly"
"复","復複","fù","fu4","3","Level 3","to go back"
"晨","晨","chén","chen2","3","Level 3","morning/dawn/daybreak"
"碗","碗","wǎn","wan3","3","Level 3","bowl/cup"
"姓","姓","xìng","xing4","3","Level 3","family name/surname"
"静","靜","jìng","jing4","3","Level 3","still/calm/quiet/not moving"
"舒","舒","shū","shu1","3","Level 3","to stretch/to unfold/to relax/leisurely"
"冬","鼕冬","dōng","dong1","3","Level 3","(onom.) beating a drum/rat-a-tat"
"斤","斤","jīn","jin1","3","Level 3","catty/(PRC) weight equal to 500 g/(Tw) weight equal to 600 g/(HK, Malaysia, Singapore) slightly over 604 g"
"于","於于","yú","yu2","3","Level 3","(of time or place) in; at; on/(indicating any indirect relation) to; toward; vis-à-vis; with regard to; for/(indicating a source) from; out of/(used in comparison) than/(used in the passive voice) by"
"刻","刻","kè","ke4","3","Level 3","quarter (hour)/moment/to carve/to engrave/to cut/oppressive/classifier for short time intervals"
"熟","熟","shú","shu2","3","Level 3","ripe; mature/thoroughly cooked; done/familiar; acquainted/experienced; skilled/(of sleep etc) deep; profound/also pr. [shou2]"
"温","溫","wēn","wen1","3","Level 3","warm; lukewarm/to warm up/(bound form) temperature/(bound form) mild; soft; tender/to review (a lesson etc)/(TCM) fever/epidemic; pestilence (old variant of 瘟[wen1])"
"忽","忽","hū","hu1","3","Level 3","to neglect/to overlook/to ignore/suddenly"
"篮","籃","lán","lan2","3","Level 3","basket (receptacle)/basket (in basketball)"
"春","春","chūn","chun1","3","Level 3","spring (season)/gay/joyful/youthful/love/lust/life"
"餐","餐","cān","can1","3","Level 3","meal/to eat/classifier for meals"
"共","共","gòng","gong4","3","Level 3","common/general/to share/together/total/altogether"
"澡","澡","zǎo","zao3","3","Level 3","bath"
"凉","涼","liáng","liang2","3","Level 3","to let sth cool down"
"椅","椅","yǐ","yi3","3","Level 3","chair"
"脏","髒臟","zàng","zang4","3","Level 3","dirty/filthy/to get (sth) dirty"
"晴","晴","qíng","qing2","3","Level 3","clear/fine (weather)"
"堂","堂","táng","tang2","3","Level 3","(main) hall/large room for a specific purpose/relationship between cousins etc on the paternal side of a family/of the same clan/classifier for classes, lectures etc/classifier for sets of furniture"
"饱","飽","bǎo","bao3","3","Level 3","to eat till full/satisfied"
"秋","秋","qiū","qiu1","3","Level 3","autumn"
"护","護","hù","hu4","3","Level 3","to protect"
"印","印","yìn","yin4","3","Level 3","to print/to mark/to engrave/a seal/a print/a stamp/a mark/a trace/image"
"筷","筷","kuài","kuai4","3","Level 3","chopstick"
"饺","餃","jiǎo","jiao3","3","Level 3","dumplings with meat filling"
"典","典","diǎn","dian3","3","Level 3","canon/law/standard work of scholarship/literary quotation or allusion/ceremony/to be in charge of/to mortgage or pawn"
"板","板闆","bǎn","ban3","3","Level 3","to catch sight of in a doorway (old)"
"王","王","wáng","wang2","3","Level 3","to rule/to reign over"
"被","被","bèi","bei4","3","Level 3","quilt/to cover (with)/(literary) to suffer (a misfortune)/used to indicate passive voice (placed before the doer of the action like ""by"" in English passive-voice sentences, or, if the doer is not mentioned, before the verb)/(since c. 2009) (sarcastic or jocular) used to indicate that the following word should be regarded as being in air quotes (as in 被旅遊|被旅游[bei4 lu:3 you2] to ""go on a trip"", for example)"
"把","把","bǎ","ba3","3","Level 3","handle"
"始","始","shǐ","shi3","3","Level 3","to begin/to start/then/only then"
"极","極","jí","ji2","3","Level 3","extremely/pole (geography, physics)/utmost/top"
"种","種","zhǒng","zhong3","3","Level 3","to plant/to grow/to cultivate"
"需","需","xū","xu1","3","Level 3","to require/to need/to want/necessity/need"
"希","希","xī","xi1","3","Level 3","to hope/to admire"
"望","朢望","wàng","wang4","3","Level 3","to watch/to look at/to gaze at/15th day of month (lunar calendar)"
"况","況","kuàng","kuang4","3","Level 3","moreover/situation"
"世","世","shì","shi4","3","Level 3","life/age/generation/era/world/lifetime/epoch/descendant/noble"
"界","界","jiè","jie4","3","Level 3","(bound form) boundary; border/(bound form) realm"
"内","內","nèi","nei4","3","Level 3","inside/inner/internal/within/interior"
"每","每","měi","mei3","3","Level 3","each/every"
"美","美","měi","mei3","3","Level 3","beautiful/very satisfactory; good/to beautify/to be pleased with oneself"
"继","繼","jì","ji4","3","Level 3","to continue/to follow after/to go on with/to succeed/to inherit/then/afterwards"
"续","續","xù","xu4","3","Level 3","to continue/to replenish"
"张","張","zhāng","zhang1","3","Level 3","to open up/to spread/sheet of paper/classifier for flat objects, sheet/classifier for votes"
"总","總","zǒng","zong3","3","Level 3","general; overall/to sum up/in every case; always; invariably/anyway; after all; eventually; sooner or later/surely/(after a person's name) abbr. for 總經理|总经理[zong3 jing1 li3] or 總編|总编[zong3 bian1] etc"
"赛","賽","sài","sai4","3","Level 3","to compete/competition/match/to surpass/better than/superior to/to excel"
"任","任","rèn","ren4","3","Level 3","to assign/to appoint/to take up a post/office/responsibility/to let/to allow/to give free rein to/no matter (how, what etc)/classifier for terms served in office, or for spouses, girlfriends etc (as in 前任男友)"
"何","何","hé","he2","3","Level 3","what/how/why/which/carry"
"决","決","jué","jue2","3","Level 3","to decide/to determine/to execute (sb)/(of a dam etc) to breach or burst/definitely/certainly"
"连","連","lián","lian2","3","Level 3","to link/to join/to connect/continuously/in succession/including"
"较","較","jiào","jiao4","3","Level 3","to compare/to dispute/compared to/(before adj.) relatively/comparatively/rather/also pr. [jiao3]"
"城","城","chéng","cheng2","3","Level 3","city walls/city/town"
"式","式","shì","shi4","3","Level 3","type/form/pattern/style"
"解","解","jiě","jie3","3","Level 3","to loosen/to divide/to solve"
"死","死","sǐ","si3","3","Level 3","to die/impassable/uncrossable/inflexible/rigid/extremely/damned"
"员","員","yuán","yuan2","3","Level 3","(bound form) person engaged in a certain field of activity/(bound form) member"
"展","展","zhǎn","zhan3","3","Level 3","to spread out/to open up/to exhibit/to put into effect/to postpone/to prolong/exhibition"
"支","支","zhī","zhi1","4","Level 4","to support/to sustain/to erect/to raise/branch/division/to draw money/classifier for rods such as pens and guns, for army divisions and for songs or compositions"
"持","持","chí","chi2","4","Level 4","to hold/to grasp/to support/to maintain/to persevere/to manage/to run (i.e. administer)/to control"
"功","功","gōng","gong1","4","Level 4","meritorious deed or service/achievement/result/service/accomplishment/work (physics)"
"此","此","cǐ","ci3","4","Level 4","this; these"
"社","社","shè","she4","4","Level 4","(bound form) society; organization; agency/(old) god of the land"
"消","消","xiāo","xiao1","4","Level 4","to diminish; to subside/to consume; to reduce/to idle away (the time)/(after 不[bu4] or 只[zhi3] or 何[he2] etc) to need; to require; to take"
"技","技","jì","ji4","4","Level 4","skill"
"术","術","shù","shu4","4","Level 4","various genera of flowers of Asteracea family (daisies and chrysanthemums), including Atractylis lancea"
"切","切","qiè","qie4","4","Level 4","definitely; absolutely (not)/(scoffing or dismissive interjection) Yeah, right.; Tut!/to grind/(bound form) close to/(bound form) eager/to correspond to/(used to indicate that the fanqie 反切[fan3 qie4] system should be applied to the previous two characters)"
"调","調","diào","diao4","4","Level 4","to harmonize/to reconcile/to blend/to suit well/to adjust/to regulate/to season (food)/to provoke/to incite"
"区","區","qū","qu1","4","Level 4","area/region/district/small/distinguish"
"束","束","shù","shu4","4","Level 4","to bind/bunch/bundle/classifier for bunches, bundles, beams of light etc/to control"
"存","存","cún","cun2","4","Level 4","to exist/to deposit/to store/to keep/to survive"
"代","代","dài","dai4","4","Level 4","to substitute/to act on behalf of others/to replace/generation/dynasty/age/period/(historical) era/(geological) eon"
"整","整","zhěng","zheng3","4","Level 4","exactly/in good order/whole/complete/entire/in order/orderly/to repair/to mend/to renovate/(coll.) to fix sb/to give sb a hard time/to mess with sb"
"除","除","chú","chu2","4","Level 4","to get rid of/to remove/to exclude/to eliminate/to wipe out/to divide/except/not including"
"台","台檯臺颱","tái","tai2","4","Level 4","typhoon"
"按","按","àn","an4","4","Level 4","to press/to push/to leave aside or shelve/to control/to restrain/to keep one's hand on/to check or refer to/according to/in the light of/(of an editor or author) to make a comment"
"设","設","shè","she4","4","Level 4","to set up; to put in place/(math.) given; suppose; if"
"戏","戲","xì","xi4","4","Level 4","trick/drama/play/show"
"精","精","jīng","jing1","4","Level 4","essence/extract/vitality/energy/semen/sperm/mythical goblin spirit/highly perfected/elite/the pick of sth/proficient (refined ability)/extremely (fine)/selected rice (archaic)"
"神","神","shén","shen2","4","Level 4","god; deity/supernatural; magical; mysterious/spirit; mind; energy/lively; expressive/look; expression/(coll.) awesome; amazing"
"注","注註","zhù","zhu4","4","Level 4","to register/to annotate/note/comment"
"各","各","gè","ge4","4","Level 4","each/every"
"另","另","lìng","ling4","4","Level 4","other/another/separate/separately"
"双","雙","shuāng","shuang1","4","Level 4","two/double/pair/both/even (number)"
"线","線","xiàn","xian4","4","Level 4","thread/string/wire/line/CL:條|条[tiao2],股[gu3],根[gen1]/(after a number) tier (unofficial ranking of a Chinese city)"
"约","約","yuē","yue1","4","Level 4","to make an appointment/to invite/approximately/pact/treaty/to economize/to restrict/to reduce (a fraction)/concise"
"保","保","bǎo","bao3","4","Level 4","to defend; to protect; to keep/to guarantee; to ensure/civil administration unit in the baojia 保甲[bao3 jia3] system (old)"
"转","轉","zhuǎn","zhuan3","4","Level 4","to revolve/to turn/to circle about/to walk about/classifier for revolutions (per minute etc): revs, rpm/classifier for repeated actions"
"突","突","tū","tu1","4","Level 4","to dash/to move forward quickly/to bulge/to protrude/to break through/to rush out/sudden/Taiwan pr. [tu2]"
"终","終","zhōng","zhong1","4","Level 4","end/finish"
"联","聯","lián","lian2","4","Level 4","(bound form) to ally oneself with; to unite; to combine; to join/(bound form) (poetry) antithetical couplet"
"指","指","zhǐ","zhi3","4","Level 4","finger/to point at or to/to indicate or refer to/to depend on/to count on/(of hair) to stand on end"
"标","標","biāo","biao1","4","Level 4","mark/sign/label/to mark with a symbol, label, lettering etc/to bear (a brand name, registration number etc)/prize/award/bid/target/quota/(old) the topmost branches of a tree/visible symptom/classifier for military units"
"拍","拍","pāi","pai1","4","Level 4","to pat/to clap/to slap/to swat/to take (a photo)/to shoot (a film)/racket (sports)/beat (music)"
"金","金","jīn","jin1","4","Level 4","gold/chemical element Au/generic term for lustrous and ductile metals/money/golden/highly respected/one of the eight categories of ancient musical instruments 八音[ba1 yin1]"
"管","管","guǎn","guan3","4","Level 4","to take care (of)/to control/to manage/to be in charge of/to look after/to run/to care about/tube/pipe/woodwind/classifier for tube-shaped objects/particle similar to 把[ba3] in 管...叫 constructions/writing brush/(coll.) to/towards"
"根","根","gēn","gen1","4","Level 4","root/basis/classifier for long slender objects, e.g. cigarettes, guitar strings/CL:條|条[tiao2]/radical (chemistry)"
"容","容","róng","rong2","4","Level 4","to hold/to contain/to allow/to tolerate/appearance/look/countenance"
"易","易","yì","yi4","4","Level 4","easy/amiable/to change/to exchange/prefix corresponding to the English adjective suffix ""-able"" or ""-ible"""
"程","程","chéng","cheng2","4","Level 4","rule/order/regulations/formula/journey/procedure/sequence"
"建","建","jiàn","jian4","4","Level 4","to establish/to found/to set up/to build/to construct"
"议","議","yì","yi4","4","Level 4","to comment on/to discuss/to suggest"
"济","濟","jì","ji4","4","Level 4","to cross a river/to aid or relieve/to be of help"
"曾","曾","céng","ceng2","4","Level 4","great- (grandfather, grandchild etc)"
"民","民","mín","min2","4","Level 4","(bound form) the people/inhabitants of a country"
"坚","堅","jiān","jian1","4","Level 4","strong/solid/firm/unyielding/resolute"
"规","規","guī","gui1","4","Level 4","compass/a rule/regulation/to admonish/to plan/to scheme"
"环","環","huán","huan2","4","Level 4","ring/hoop/loop/(chain) link/classifier for scores in archery etc/to surround/to encircle/to hem in"
"境","境","jìng","jing4","4","Level 4","border/place/condition/boundary/circumstances/territory"
"证","證証","zhèng","zheng4","4","Level 4","certificate/proof/to prove/to demonstrate/to confirm"
"责","責","zé","ze2","4","Level 4","duty/responsibility/to reproach/to blame"
"造","造","zào","zao4","4","Level 4","to make/to build/to manufacture/to invent/to fabricate/to go to/party (in a lawsuit or legal agreement)/crop/classifier for crops"
"显","顯","xiǎn","xian3","4","Level 4","to make visible/to reveal/prominent/conspicuous/(prefix) phanero-"
"简","簡","jiǎn","jian3","4","Level 4","simple/uncomplicated/letter/to choose/to select/bamboo strips used for writing (old)"
"基","基","jī","ji1","4","Level 4","(bound form) base; foundation/(bound form) radical (chemistry)/(bound form) gay (loanword from English into Cantonese, Jyutping: gei1, followed by orthographic borrowing from Cantonese)"
"仍","仍","réng","reng2","4","Level 4","still; yet/to remain/(literary) frequently; often"
"父","父","fù","fu4","4","Level 4","father"
"亲","親","qīn","qin1","4","Level 4","parents-in-law of one's offspring"
"性","性","xìng","xing4","4","Level 4","nature/character/property/quality/attribute/sexuality/sex/gender/suffix forming adjective from verb/suffix forming noun from adjective, corresponding to -ness or -ity/essence/CL:個|个[ge4]"
"某","某","mǒu","mou3","4","Level 4","some/a certain/sb or sth indefinite/such-and-such"
"命","命","mìng","ming4","4","Level 4","life/fate/order or command/to assign a name, title etc"
"达","達","dá","da2","4","Level 4","to attain/to reach/to amount to/to communicate/eminent"
"义","義","yì","yi4","4","Level 4","justice/righteousness/meaning/foster (father etc)/adopted/artificial (tooth, limb etc)/relationship/friendship"
"断","斷","duàn","duan4","4","Level 4","to break/to snap/to cut off/to give up or abstain from sth/to judge/(usu. used in the negative) absolutely/definitely/decidedly"
"类","類","lèi","lei4","4","Level 4","kind/type/class/category/similar/like/to resemble"
"媒","媒","méi","mei2","4","Level 4","medium/intermediary/matchmaker/go-between/abbr. for 媒體|媒体[mei2 ti3], media, esp. news media"
"首","首","shǒu","shou3","4","Level 4","head/chief/first (occasion, thing etc)/classifier for poems, songs etc"
"母","母","mǔ","mu3","4","Level 4","mother/elderly female relative/origin/source/(of animals) female"
"化","化","huà","hua4","4","Level 4","to make into/to change into/-ization/to ... -ize/to transform/abbr. for 化學|化学[hua4 xue2]"
"立","立","lì","li4","4","Level 4","to stand/to set up/to establish/to lay down/to draw up/at once/immediately"
"产","產","chǎn","chan3","4","Level 4","to give birth/to reproduce/to produce/product/resource/estate/property"
"光","光","guāng","guang1","4","Level 4","light; ray (CL:道[dao4])/bright; shiny/only; merely/used up; finished/to leave (a part of the body) uncovered"
"派","派","pài","pai4","4","Level 4","clique/school/group/faction/to dispatch/to send/to assign/to appoint/pi (Greek letter Ππ)/the circular ratio pi = 3.1415926/(loanword) pie"
"负","負","fù","fu4","4","Level 4","to bear/to carry (on one's back)/to turn one's back on/to be defeated/negative (math. etc)"
"仅","僅","jǐn","jin3","4","Level 4","barely/only/merely"
"谈","談","tán","tan2","4","Level 4","to speak/to talk/to converse/to chat/to discuss"
"深","深","shēn","shen1","4","Level 4","deep (lit. and fig.)"
"领","領","lǐng","ling3","4","Level 4","neck/collar/to lead/to receive/classifier for clothes, mats, screens etc"
"导","導","dǎo","dao3","4","Level 4","to transmit/to lead/to guide/to conduct/to direct"
"增","增","zēng","zeng1","4","Level 4","(bound form) to increase; to augment; to add to"
"至","至","zhì","zhi4","4","Level 4","to arrive/most/to/until"
"训","訓","xùn","xun4","4","Level 4","to teach; to train; to admonish/(bound form) instruction (from superiors); teachings; rule"
"压","壓","yā","ya1","4","Level 4","used in 壓根兒|压根儿[ya4 gen1 r5] and 壓馬路|压马路[ya4 ma3 lu4] and 壓板|压板[ya4 ban3]"
"价","價","jià","jia4","4","Level 4","great/good/middleman/servant"
"值","值","zhí","zhi2","4","Level 4","value/(to be) worth/to happen to/to be on duty"
"属","屬","shǔ","shu3","4","Level 4","to join together/to fix one's attention on/to concentrate on"
"格","格","gé","ge2","4","Level 4","square/frame/rule/(legal) case/style/character/standard/pattern/(grammar) case/(classical) to obstruct/to hinder/(classical) to arrive/to come/(classical) to investigate/to study exhaustively"
"底","底","dǐ","di3","4","Level 4","background/bottom/base/end (of the month, year etc)/remnants/(math.) radix/base"
"历","曆歷","lì","li4","4","Level 4","to experience/to undergo/to pass through/all/each/every/history"
"验","驗","yàn","yan4","4","Level 4","to examine/to test/to check"
"状","狀","zhuàng","zhuang4","4","Level 4","accusation/suit/state/condition/strong/great/-shaped"
"品","品","pǐn","pin3","4","Level 4","(bound form) article; commodity; product; goods/(bound form) grade; rank/kind; type; variety/character; disposition; nature; temperament/to taste sth; to sample/to criticize; to comment; to judge; to size up/fret (on a guitar or lute)"
"步","步","bù","bu4","4","Level 4","a step/a pace/walk/march/stages in a process/situation"
"伤","傷","shāng","shang1","4","Level 4","to injure/injury/wound"
"具","具","jù","ju4","4","Level 4","tool/device/utensil/equipment/instrument/talent/ability/to possess/to have/to provide/to furnish/to state/classifier for devices, coffins, dead bodies"
"困","睏困","kùn","kun4","4","Level 4","sleepy/tired"
"幸","幸倖","xìng","xing4","4","Level 4","fortunate/lucky"
"福","福","fú","fu2","4","Level 4","good fortune/happiness/luck"
"婚","婚","hūn","hun1","4","Level 4","to marry/marriage/wedding/to take a wife"
"抓","抓","zhuā","zhua1","4","Level 4","to grab/to catch/to arrest/to snatch/to scratch"
"警","警","jǐng","jing3","4","Level 4","to alert/to warn/police"
"效","效","xiào","xiao4","4","Level 4","effect/efficacy/to imitate"
"范","範","fàn","fan4","4","Level 4","surname Fan"
"围","圍","wéi","wei2","4","Level 4","to encircle/to surround/all around/to wear by wrapping around (scarf, shawl)"
"紧","緊","jǐn","jin3","4","Level 4","tight/strict/close at hand/near/urgent/tense/hard up/short of money/to tighten"
"集","集","jí","ji2","4","Level 4","to gather/to collect/collected works/classifier for sections of a TV series etc: episode"
"血","血","xuè","xue4","4","Level 4","blood/colloquial pr. [xie3]/CL:滴[di1],片[pian4]"
"速","速","sù","su4","4","Level 4","fast/rapid/quick/velocity"
"艺","藝","yì","yi4","4","Level 4","skill/art"
"纪","紀","jì","ji4","4","Level 4","order/discipline/age/era/period/to chronicle"
"职","職","zhí","zhi2","4","Level 4","office/duty"
"失","失","shī","shi1","4","Level 4","to lose/to miss/to fail"
"营","營","yíng","ying2","4","Level 4","camp/barracks/battalion/to build/to operate/to manage/to strive for"
"演","演","yǎn","yan3","4","Level 4","to perform (a play etc); to stage (a show)/(bound form) to develop; to play out; to carry out (a task)"
"挂","掛","guà","gua4","4","Level 4","to hang or suspend (from a hook etc)/to hang up (the phone)/(of a line) to be dead/to be worried or concerned/to make a phone call (dialect)/to register or record/classifier for sets or clusters of objects/(slang) to kill/to die/to be finished/to fail (an exam)"
"群","群","qún","qun2","4","Level 4","group/crowd/flock, herd, pack etc"
"龙","龍","lóng","long2","4","Level 4","dragon/CL:條|条[tiao2]/imperial"
"资","資","zī","zi1","4","Level 4","resources/capital/to provide/to supply/to support/money/expense"
"丽","麗","lì","li4","4","Level 4","beautiful"
"跳","跳","tiào","tiao4","4","Level 4","to jump/to hop/to skip over/to bounce/to palpitate"
"反","反","fǎn","fan3","4","Level 4","contrary/in reverse/inside out or upside down/to reverse/to return/to oppose/opposite/against/anti-/to rebel/to use analogy/instead/abbr. for 反切[fan3 qie4] phonetic system"
"传","傳","chuán","chuan2","4","Level 4","biography/historical narrative/commentaries/relay station"
"采","采採","cǎi","cai3","4","Level 4","allotment to a feudal noble"
"充","充","chōng","chong1","4","Level 4","sufficient; full/to fill/to serve as; to act as/to act falsely as; to pose as"
"础","礎","chǔ","chu3","4","Level 4","foundation/base"
"朝","朝","cháo","chao2","4","Level 4","morning"
"宣","宣","xuān","xuan1","4","Level 4","to declare (publicly)/to announce"
"布","布","bù","bu4","4","Level 4","cloth/to declare/to announce/to spread/to make known"
"乱","亂","luàn","luan4","4","Level 4","in confusion or disorder/in a confused state of mind/disorder/upheaval/riot/illicit sexual relations/to throw into disorder/to mix up/indiscriminate/random/arbitrary"
"创","創","chuàng","chuang4","4","Level 4","to initiate; to create; to achieve (sth for the first time)"
"足","足","zú","zu2","4","Level 4","(bound form) foot; leg/sufficient; ample/as much as; fully"
"形","形","xíng","xing2","4","Level 4","to appear/to look/form/shape"
"初","初","chū","chu1","4","Level 4","at first/(at the) beginning/first/junior/basic"
"破","破","pò","po4","4","Level 4","broken/damaged/worn out/lousy/rotten/to break, split or cleave/to get rid of/to destroy/to break with/to defeat/to capture (a city etc)/to expose the truth of"
"危","危","wēi","wei1","4","Level 4","danger/to endanger/Taiwan pr. [wei2]"
"险","險","xiǎn","xian3","4","Level 4","danger/dangerous/rugged"
"录","錄彔","lù","lu4","4","Level 4","diary/record/to hit/to copy"
"团","糰團","tuán","tuan2","4","Level 4","dumpling"
"追","追","zhuī","zhui1","4","Level 4","to chase/to pursue/to look into/to investigate/to reminisce/to recall/to court (one's beloved)/to binge-watch (a TV drama)/retroactively/posthumously"
"积","積","jī","ji1","4","Level 4","to amass/to accumulate/to store/measured quantity (such as area of volume)/product (the result of multiplication)/to integrate (math.)/to solve (or integrate) an ordinary differential equation (math.)/old/long-standing"
"架","架","jià","jia4","4","Level 4","to support/frame/rack/framework/classifier for planes, large vehicles, radios etc"
"章","章","zhāng","zhang1","4","Level 4","chapter/section/clause/movement (of symphony)/seal/badge/regulation/order"
"彩","彩","cǎi","cai3","4","Level 4","(bright) color/variety/applause/applaud/lottery prize"
"刀","刀","dāo","dao1","4","Level 4","knife/blade/single-edged sword/cutlass/CL:把[ba3]/(slang) dollar (loanword)/classifier for sets of one hundred sheets (of paper)/classifier for knife cuts or stabs"
"误","誤","wù","wu4","4","Level 4","mistake/error/to miss/to harm/to delay/to neglect/mistakenly"
"胜","勝","shèng","sheng4","4","Level 4","victory/success/to beat/to defeat/to surpass/victorious/superior to/to get the better of/better than/surpassing/superb (of vista)/beautiful (scenery)/wonderful (view)/(Taiwan pr. [sheng1]) able to bear/equal to (a task)"
"制","制製","zhì","zhi4","4","Level 4","to manufacture/to make"
"救","救","jiù","jiu4","4","Level 4","to save/to assist/to rescue"
"敢","敢","gǎn","gan3","4","Level 4","to dare/daring/(polite) may I venture"
"优","優","yōu","you1","4","Level 4","excellent/superior"
"势","勢","shì","shi4","4","Level 4","power/influence/potential/momentum/tendency/trend/situation/conditions/outward appearance/sign/gesture/male genitals"
"杂","雜","zá","za2","4","Level 4","mixed/miscellaneous/various/to mix"
"志","志誌","zhì","zhi4","4","Level 4","sign/mark/to record/to write a footnote"
"赢","贏","yíng","ying2","4","Level 4","to beat/to win/to profit"
"待","待","dài","dai4","4","Level 4","to wait/to treat/to deal with/to need/going to (do sth)/about to/intending to"
"象","象","xiàng","xiang4","4","Level 4","elephant/CL:隻|只[zhi1]/shape/form/appearance/to imitate"
"费","費","fèi","fei4","4","Level 4","to cost/to spend/fee/wasteful/expenses"
"皮","皮","pí","pi2","4","Level 4","leather/skin/fur/CL:張|张[zhang1]/pico- (one trillionth)/naughty"
"顿","頓","dùn","dun4","4","Level 4","to stop/to pause/to arrange/to lay out/to kowtow/to stamp (one's foot)/at once/classifier for meals, beatings, scoldings etc: time, bout, spell, meal"
"痛","痛","tòng","tong4","4","Level 4","ache/pain/sorrow/deeply/thoroughly"
"苦","苦","kǔ","ku3","4","Level 4","bitter/hardship/pain/to suffer/to bring suffering to/painstakingly"
"旧","舊","jiù","jiu4","4","Level 4","old/opposite: new 新/former/worn (with age)"
"及","及","jí","ji2","4","Level 4","and/to reach/up to/in time for"
"桥","橋","qiáo","qiao2","4","Level 4","bridge/CL:座[zuo4]"
"香","香","xiāng","xiang1","4","Level 4","fragrant/sweet smelling/aromatic/savory or appetizing/(to eat) with relish/(of sleep) sound/perfume or spice/joss or incense stick/CL:根[gen1]"
"烈","烈","liè","lie4","4","Level 4","ardent/intense/fierce/stern/upright/to give one's life for a noble cause/exploits/achievements"
"评","評","píng","ping2","4","Level 4","to discuss/to comment/to criticize/to judge/to choose (by public appraisal)"
"输","輸","shū","shu1","4","Level 4","to lose; to be beaten/(bound form) to transport/(literary) to donate; to contribute/(coll.) to enter (a password)"
"伟","偉","wěi","wei3","4","Level 4","big/large/great"
"止","止","zhǐ","zhi3","4","Level 4","to stop/to prohibit/until/only"
"配","配","pèi","pei4","4","Level 4","to join/to fit/to mate/to mix/to match/to deserve/to make up (a prescription)/to allocate"
"武","武","wǔ","wu3","4","Level 4","martial/military"
"器","器","qì","qi4","4","Level 4","device/tool/utensil/CL:臺|台[tai2]"
"丰","豐丰","fēng","feng1","4","Level 4","abundant/plentiful/fertile/plump/great"
"富","富","fù","fu4","4","Level 4","rich/abundant/wealthy"
"防","防","fáng","fang2","4","Level 4","to protect/to defend/to guard against/to prevent"
"麻","麻","má","ma2","4","Level 4","generic name for hemp, flax etc/hemp or flax fiber for textile materials/sesame/CL:縷|缕[lu:3]/(of materials) rough or coarse/pocked/pitted/to have pins and needles or tingling/to feel numb"
"烦","煩","fán","fan2","4","Level 4","to feel vexed/to bother/to trouble/superfluous and confusing/edgy"
"退","退","tuì","tui4","4","Level 4","to retreat; to withdraw/to reject; to return (sth)/to decline"
"猪","豬","zhū","zhu1","4","Level 4","hog/pig/swine/CL:口[kou3],頭|头[tou2]"
"古","古","gǔ","gu3","4","Level 4","ancient/old/paleo-"
"厂","厂廠","chǎng","chang3","4","Level 4","factory/yard/depot/workhouse/works/(industrial) plant"
"舞","舞","wǔ","wu3","4","Level 4","to dance/to wield/to brandish"
"姑","姑","gū","gu1","4","Level 4","paternal aunt/husband's sister/husband's mother (old)/nun/for the time being (literary)"
"奇","奇","qí","qi2","4","Level 4","strange/odd/weird/wonderful/surprisingly/unusually"
"付","付","fù","fu4","4","Level 4","to pay/to hand over to/classifier for pairs or sets of things"
"害","害","hài","hai4","4","Level 4","to do harm to/to cause trouble to/harm/evil/calamity"
"烟","煙","yān","yan1","4","Level 4","cigarette or pipe tobacco/CL:根[gen1]/smoke/mist/vapour/CL:縷|缕[lu:3]/tobacco plant/(of the eyes) to be irritated by smoke"
"族","族","zú","zu2","4","Level 4","race/nationality/ethnicity/clan/by extension, social group (e.g. office workers 上班族)"
"土","土","tǔ","tu3","4","Level 4","earth/dust/clay/local/indigenous/crude opium/unsophisticated/one of the eight categories of ancient musical instruments 八音[ba1 yin1]"
"互","互","hù","hu4","4","Level 4","mutual"
"据","據","jù","ju4","4","Level 4","according to/to act in accordance with/to depend on/to seize/to occupy"
"卫","衛","wèi","wei4","4","Level 4","to guard/to protect/to defend/abbr. for 衛生|卫生, hygiene/health/abbr. for 衛生間|卫生间, toilet"
"迷","迷","mí","mi2","4","Level 4","to bewilder/crazy about/fan/enthusiast/lost/confused"
"将","將","jiāng","jiang1","4","Level 4","to desire/to invite/to request"
"判","判","pàn","pan4","4","Level 4","to judge/to sentence/to discriminate/to discern/clearly distinguishable"
"争","爭","zhēng","zheng1","4","Level 4","to strive for/to vie for/to argue or debate/deficient or lacking (dialect)/how or what (literary)"
"祝","祝","zhù","zhu4","4","Level 4","to pray for/to wish (sb bon voyage, happy birthday etc)/person who invokes the spirits during sacrificial ceremonies"
"尽","儘盡","jǐn","jin3","4","Level 4","to use up/to exhaust/to end/to finish/to the utmost/exhausted/finished/to the limit (of sth)/all/entirely"
"批","批","pī","pi1","4","Level 4","to ascertain/to act on/to criticize/to pass on/classifier for batches, lots, military flights/tier (for the ranking of universities and colleges)"
"访","訪","fǎng","fang3","4","Level 4","(bound form) to visit/to call on/to seek/to inquire/to investigate"
"赶","趕","gǎn","gan3","4","Level 4","to overtake; to catch up with/to hurry; to rush/to try to catch (the bus etc)/to drive (cattle etc) forward; to drive (sb) away/to avail oneself of (an opportunity)/until; by (a certain time)"
"补","補","bǔ","bu3","4","Level 4","to repair/to patch/to mend/to make up for/to fill (a vacancy)/to supplement"
"汤","湯","tāng","tang1","4","Level 4","soup/hot or boiling water/decoction of medicinal herbs/water in which sth has been boiled"
"念","念","niàn","nian4","4","Level 4","to read/to study (a subject)/to attend (a school)/to read aloud/to give (sb) a tongue-lashing (CL:頓|顿[dun4])/to miss (sb)/idea/remembrance/twenty (banker's anti-fraud numeral corresponding to 廿[nian4])"
"恐","恐","kǒng","kong3","4","Level 4","afraid/frightened/to fear"
"咖","咖","kā","ka1","4","Level 4","coffee/class/grade"
"啡","啡","fēi","fei1","4","Level 4","(used in loanwords for its phonetic value)"
"石","石","shí","shi2","4","Level 4","rock/stone/stone inscription/one of the eight categories of ancient musical instruments 八音[ba1 yin1]"
"浪","浪","làng","lang4","4","Level 4","wave/breaker/unrestrained/dissipated/to stroll/to ramble"
"缺","缺","quē","que1","4","Level 4","deficiency/lack/scarce/vacant post/to run short of"
"羊","羊","yáng","yang2","4","Level 4","sheep; goat/CL:頭|头[tou2],隻|只[zhi1]"
"搬","搬","bān","ban1","4","Level 4","to move (i.e. relocate oneself)/to move (sth relatively heavy or bulky)/to shift/to copy indiscriminately"
"齐","齊","qí","qi2","4","Level 4","neat/even/level with/identical/simultaneous/all together/to even sth out"
"啤","啤","pí","pi2","4","Level 4","beer"
"握","握","wò","wo4","4","Level 4","to hold; to grasp/to clench (one's fist)/(bound form) to have in one's control/classifier: a handful"
"屋","屋","wū","wu1","4","Level 4","(bound form) house/(bound form) room"
"暖","暖","nuǎn","nuan3","4","Level 4","warm"
"预","預","yù","yu4","4","Level 4","to advance/in advance/beforehand/to prepare"
"胖","胖","pàng","pang4","4","Level 4","fat/plump"
"苹","苹蘋","píng","ping2","4","Level 4","apple"
"哈","哈","hā","ha1","4","Level 4","a Pekinese; a pug/(dialect) to scold"
"播","播","bō","bo1","4","Level 4","to sow/to scatter/to spread/to broadcast/Taiwan pr. [bo4]"
"庆","慶","qìng","qing4","4","Level 4","to celebrate"
"善","善","shàn","shan4","4","Level 4","good (virtuous)/benevolent/well-disposed/good at sth/to improve or perfect"
"落","落","luò","luo4","4","Level 4","to fall or drop/(of the sun) to set/(of a tide) to go out/to lower/to decline or sink/to lag or fall behind/to fall onto/to rest with/to get or receive/to write down/whereabouts/settlement"
"订","訂","dìng","ding4","4","Level 4","to agree/to conclude/to draw up/to subscribe to (a newspaper etc)/to order"
"否","否","fǒu","fou3","4","Level 4","clogged/evil"
"邮","郵","yóu","you2","4","Level 4","post (office)/mail"
"甜","甜","tián","tian2","4","Level 4","sweet"
"剧","劇","jù","ju4","4","Level 4","theatrical work (play, opera, TV series etc)/dramatic (change, increase etc)/acute/severe"
"泳","泳","yǒng","yong3","4","Level 4","swimming/to swim"
"夫","夫","fū","fu1","4","Level 4","(classical) this, that/he, she, they/(exclamatory final particle)/(initial particle, introduces an opinion)"
"吵","吵","chǎo","chao3","4","Level 4","to quarrel/to make a noise/noisy/to disturb by making a noise"
"乡","鄉","xiāng","xiang1","4","Level 4","country or countryside/native place/home village or town/township (PRC administrative unit)"
"沙","沙","shā","sha1","4","Level 4","granule/hoarse/raspy/sand/powder/CL:粒[li4]/abbr. for Tsar or Tsarist Russia"
"华","華","huá","hua2","4","Level 4","magnificent/splendid/flowery"
"币","幣","bì","bi4","4","Level 4","money/coins/currency/silk"
"冒","冒","mào","mao4","4","Level 4","to emit/to give off/to send out (or up, forth)/to brave/to face/reckless/to falsely adopt (sb's identity etc)/to feign/(literary) to cover"
"李","李","lǐ","li3","4","Level 4","plum"
"裤","褲","kù","ku4","4","Level 4","underpants/trousers/pants"
"牌","牌","pái","pai2","4","Level 4","mahjong tile/playing card/game pieces/signboard/plate/tablet/medal/CL:片[pian4],個|个[ge4],塊|块[kuai4]"
"巧","巧","qiǎo","qiao3","4","Level 4","opportunely/coincidentally/as it happens/skillful/timely"
"衬","襯","chèn","chen4","4","Level 4","(of garments) against the skin/to line/lining/to contrast with/to assist financially"
"衫","衫","shān","shan1","4","Level 4","garment/jacket with open slits in place of sleeves"
"材","材","cái","cai2","4","Level 4","material/timber/ability/aptitude/a capable individual/coffin (old)"
"散","散","sàn","san4","4","Level 4","to scatter/to break up (a meeting etc)/to disperse/to disseminate/to dispel/(coll.) to sack"
"箱","箱","xiāng","xiang1","4","Level 4","box/trunk/chest"
"蕉","蕉","jiāo","jiao1","4","Level 4","banana"
"景","景","jǐng","jing3","4","Level 4","(bound form) scenery/circumstance/situation/scene (of a play)/(literary) sunlight"
"木","木","mù","mu4","4","Level 4","(bound form) tree/(bound form) wood/unresponsive; numb; wooden"
"汁","汁","zhī","zhi1","4","Level 4","juice"
"却","卻","què","que4","4","Level 4","but/yet/however/while/to go back/to decline/to retreat/nevertheless/even though"
"之","之","zhī","zhi1","4","Level 4","(possessive particle, literary equivalent of 的[de5])/him/her/it"
"担","擔","dān","dan1","4","Level 4","picul (100 catties, 50 kg)/two buckets full/carrying pole and its load/classifier for loads carried on a shoulder pole"
"无","無","wú","wu2","4","Level 4","not to have/no/none/not/to lack/un-/-less"
"择","擇","zé","ze2","4","Level 4","to select/to choose/to pick over/to pick out/to differentiate/to eliminate/also pr. [zhai2]"
"政","政","zhèng","zheng4","4","Level 4","political/politics/government"
"府","府","fǔ","fu3","4","Level 4","seat of government/government repository (archive)/official residence/mansion/presidential palace/(honorific) Your home/prefecture (from Tang to Qing times)"
"甚","甚","shèn","shen4","4","Level 4","what/very/extremely/any"
"研","研","yán","yan2","4","Level 4","to grind/study/research"
"究","究","jiū","jiu1","4","Level 4","after all/to investigate/to study carefully/Taiwan pr. [jiu4]"
"供","供","gōng","gong1","4","Level 4","sacrificial offering/to confess"
"统","統","tǒng","tong3","4","Level 4","to gather/to unite/to unify/whole"
"括","括","kuò","kuo4","4","Level 4","to enclose/to include/also pr. [gua1]"
"获","獲穫","huò","huo4","4","Level 4","(bound form) to reap; to harvest"
"项","項","xiàng","xiang4","4","Level 4","back of neck/item/thing/term (in a mathematical formula)/sum (of money)/classifier for principles, items, clauses, tasks, research projects etc"
"虑","慮","lǜ","lv4","4","Level 4","to think over/to consider/anxiety"
"史","史","shǐ","shi3","4","Level 4","history/annals/title of an official historian in ancient China"
"律","律","lǜ","lv4","4","Level 4","law"
"未","未","wèi","wei4","4","Level 4","not yet/did not/have not/not/8th earthly branch: 1-3 p.m., 6th solar month (7th July-6th August), year of the Sheep/ancient Chinese compass point: 210°"
"严","嚴","yán","yan2","4","Level 4","tight (closely sealed)/stern/strict/rigorous/severe/father"
"投","投","tóu","tou2","4","Level 4","to cast/to send/to throw oneself (into the river etc)/to seek refuge/to place oneself into the hands of"
"乎","乎","hū","hu1","4","Level 4","(classical particle similar to 於|于[yu2]) in/at/from/because/than/(classical final particle similar to 嗎|吗[ma5], 吧[ba5], 呢[ne5], expressing question, doubt or astonishment)"
"络","絡","luò","luo4","4","Level 4","net-like object/to hold sth in place with a net/to wind/to twist/(TCM) channels in the human body"
"附","附","fù","fu4","4","Level 4","to add; to attach/to be close to; to be attached"
"释","釋","shì","shi4","4","Level 4","to explain/to release/Buddha (abbr. for 釋迦牟尼|释迦牟尼[Shi4 jia1 mou2 ni2])/Buddhism"
"与","與","yǔ","yu3","4","Level 4","to take part in"
"呀","呀","ya","ya","4","Level 4","(particle equivalent to 啊 after a vowel, expressing surprise or doubt)"
"料","料","liào","liao4","4","Level 4","material/stuff/grain/feed/to expect/to anticipate/to guess"
"著","著","zhù","zhu4","4","Level 4","to make known/to show/to prove/to write/book/outstanding"
"置","置","zhì","zhi4","4","Level 4","to install/to place/to put/to buy"
"治","治","zhì","zhi4","4","Level 4","to rule/to govern/to manage/to control/to harness (a river)/to treat (a disease)/to wipe out (a pest)/to punish/to research"
"疗","療","liáo","liao2","4","Level 4","to treat/to cure/therapy"
"构","構","gòu","gou4","4","Level 4","to construct/to form/to make up/to compose/literary composition/paper mulberry (Broussonetia papyrifera)"
"引","引","yǐn","yin3","4","Level 4","to draw (e.g. a bow)/to pull/to stretch sth/to extend/to lengthen/to involve or implicate in/to attract/to lead/to guide/to leave/to provide evidence or justification for/old unit of distance equal to 10 丈[zhang4], one-thirtieth of a km or 33.33 meters"
"盘","盤","pán","pan2","4","Level 4","plate/dish/tray/board/hard drive (computing)/to build/to coil/to check/to examine/to transfer (property)/to make over/classifier for food: dish, helping/to coil/classifier for coils of wire/classifier for games of chess"
"企","企","qǐ","qi3","4","Level 4","(bound form) to stand on tiptoe and look; to anticipate; to look forward to/abbr. for 企業|企业[qi3 ye4]/Taiwan pr. [qi4]"
"局","侷局","jú","ju2","4","Level 4","cramped; narrow"
"轮","輪","lún","lun2","4","Level 4","wheel; disk; ring/steamship/to take turns; to rotate/classifier for big round objects: disk, or recurring events: round, turn"
"致","緻致","zhì","zhi4","4","Level 4","to send/to devote/to deliver/to cause/to convey"
"遇","遇","yù","yu4","4","Level 4","(bound form) to encounter; to happen upon; to meet unplanned/(bound form) to treat; to receive"
"妻","妻","qī","qi1","4","Level 4","to marry off (a daughter)"
"载","載","zài","zai4","4","Level 4","to carry/to convey/to load/to hold/to fill up/and/also/as well as/simultaneously"
"梦","夢","mèng","meng4","4","Level 4","dream (CL:場|场[chang2],個|个[ge4])/(bound form) to dream"
"申","申","shēn","shen1","4","Level 4","to extend/to state/to explain/9th earthly branch: 3-5 p.m., 7th solar month (7th August-7th September), year of the Monkey/ancient Chinese compass point: 240°"
"型","型","xíng","xing2","4","Level 4","mold/type/style/model"
"销","銷","xiāo","xiao1","4","Level 4","to melt (metal)/to cancel; to annul/to sell/to expend; to spend/pin; bolt/to fasten with a pin or bolt"
"售","售","shòu","shou4","4","Level 4","to sell/to make or carry out (a plan or intrigue etc)"
"战","戰","zhàn","zhan4","4","Level 4","to fight/fight/war/battle"
"倍","倍","bèi","bei4","4","Level 4","(two, three etc) -fold/times (multiplier)/double/to increase or multiply"
"授","授","shòu","shou4","4","Level 4","(bound form) to confer; to give/(bound form) to teach; to instruct/(literary) to appoint"
"巨","巨","jù","ju4","4","Level 4","very large; huge; tremendous; gigantic"
"既","既","jì","ji4","4","Level 4","already/since/both... (and...)"
"稳","穩","wěn","wen3","4","Level 4","settled; steady; stable"
"抱","抱","bào","bao4","4","Level 4","to hold/to carry (in one's arms)/to hug/to embrace/to surround/to cherish/(coll.) (of clothes) to fit nicely"
"丈","丈","zhàng","zhang4","4","Level 4","measure of length, ten Chinese feet (3.3 m)/to measure/husband/polite appellation for an older male"
"址","阯址","zhǐ","zhi3","4","Level 4","location; site/address/foundation"
"源","源","yuán","yuan2","4","Level 4","root/source/origin"
"毕","畢","bì","bi4","4","Level 4","the whole of/to finish/to complete/complete/full/finished"
"承","承","chéng","cheng2","4","Level 4","to bear/to carry/to hold/to continue/to undertake/to take charge/owing to/due to/to receive"
"竟","竟","jìng","jing4","4","Level 4","unexpectedly/actually/to go so far as to/indeed"
"寻","尋","xún","xun2","4","Level 4","to search/to look for/to seek"
"吸","吸","xī","xi1","4","Level 4","to breathe/to suck in/to absorb/to inhale"
"阶","階","jiē","jie1","4","Level 4","rank or step/stairs"
"秀","秀","xiù","xiu4","4","Level 4","handsome/refined/elegant/graceful/superior/show (loanword)/CL:場|场[chang2]/(literary) to grow/to bloom/(of crops) to produce ears"
"依","依","yī","yi1","4","Level 4","to depend on/to comply with or listen to sb/according to/in the light of"
"即","即","jí","ji2","4","Level 4","namely/that is/i.e./prompt/at once/at present/even if/prompted (by the occasion)/to approach/to come into contact/to assume (office)/to draw near"
"益","益","yì","yi4","4","Level 4","benefit/profit/advantage/beneficial/to increase/to add/all the more"
"冲","沖衝","chōng","chong1","4","Level 4","powerful/vigorous/pungent/towards/in view of"
"兄","兄","xiōng","xiong1","4","Level 4","elder brother"
"圈","圈","quān","quan1","4","Level 4","circle; ring; loop (CL:個|个[ge4])/classifier for loops, orbits, laps of race etc/to surround; to circle"
"案","案","àn","an4","4","Level 4","(legal) case/incident/record/file/table"
"殊","殊","shū","shu1","4","Level 4","different/unique/special/very/(classical) to behead/to die/to cut off/to separate/to surpass"
"顶","頂","dǐng","ding3","4","Level 4","apex/crown of the head/top/roof/most/to carry on the head/to push to the top/to go against/to replace/to substitute/to be subjected to (an aerial bombing, hailstorm etc)/(slang) to ""bump"" a forum thread to raise its profile/classifier for headwear, hats, veils etc"
"挥","揮","huī","hui1","4","Level 4","to wave/to brandish/to command/to conduct/to scatter/to disperse"
"独","獨","dú","du2","4","Level 4","alone/independent/single/sole/only"
"列","列","liè","lie4","4","Level 4","to arrange/to line up/file/series/(in data tables) column/(Tw) row"
"则","則","zé","ze2","4","Level 4","(literary) (conjunction used to express contrast with a previous clause) but; then/(bound form) standard; norm/(bound form) principle/(literary) to imitate; to follow/classifier for written items"
"童","童","tóng","tong2","4","Level 4","child"
"措","措","cuò","cuo4","4","Level 4","to handle/to manage/to put in order/to arrange/to administer/to execute/to take action on/to plan"
"施","施","shī","shi1","4","Level 4","(bound form) to put into effect (regulations etc)/to distribute (alms etc)/to apply (fertilizer etc)"
"序","序","xù","xu4","4","Level 4","(bound form) order; sequence/(bound form) introductory; initial/preface"
"宝","寶","bǎo","bao3","4","Level 4","jewel/gem/treasure/precious"
"距","距","jù","ju4","4","Level 4","at a distance of/distance/to be apart"
"符","符","fú","fu2","4","Level 4","mark/sign/talisman/to seal/to correspond to/tally/symbol/written charm/to coincide"
"质","質","zhì","zhi4","4","Level 4","character/nature/quality/plain/to pawn/pledge/hostage/to question/Taiwan pr. [zhi2]"
"醒","醒","xǐng","xing3","4","Level 4","to wake up/to be awake/to become aware/to sober up/to come to"
"测","測","cè","ce4","4","Level 4","to survey/to measure/to conjecture"
"贴","貼","tiē","tie1","4","Level 4","to stick/to paste/to post (e.g. on a blog)/to keep close to/to fit snugly/to subsidize/allowance (e.g. money for food or housing)/sticker/classifier for sticking plaster: strip"
"针","針","zhēn","zhen1","4","Level 4","needle"
"席","席","xí","xi2","4","Level 4","seat/rank/woven mat"
"松","鬆松","sōng","song1","4","Level 4","loose/to loosen/to relax/floss (dry, fluffy food product made from shredded, seasoned meat or fish, used as a topping or filling)"
"权","權","quán","quan2","4","Level 4","authority/power/right/(literary) to weigh/expedient/temporary"
"户","戶","hù","hu4","4","Level 4","a household/door/family"
"良","良","liáng","liang2","4","Level 4","good/very/very much"
"居","居","jū","ju1","4","Level 4","to reside/to be (in a certain position)/to store up/to be at a standstill/residence/house/restaurant/classifier for bedrooms"
"迅","迅","xùn","xun4","4","Level 4","rapid/fast"
"减","減","jiǎn","jian3","4","Level 4","to lower/to decrease/to reduce/to subtract/to diminish"
"挑","挑","tiāo","tiao1","4","Level 4","to raise/to dig up/to poke/to prick/to incite/to stir up"
"彻","徹","chè","che4","4","Level 4","thorough/penetrating/to pervade/to pass through"
"怀","懷","huái","huai2","4","Level 4","bosom/heart/mind/to think of/to harbor in one's mind/to conceive (a child)"
"疑","疑","yí","yi2","4","Level 4","to doubt/to suspect"
"货","貨","huò","huo4","4","Level 4","goods/money/commodity"
"购","購","gòu","gou4","4","Level 4","to buy/to purchase"
"败","敗","bài","bai4","4","Level 4","to defeat/to damage/to lose (to an opponent)/to fail/to wither"
"烧","燒","shāo","shao1","4","Level 4","to burn/to cook/to stew/to bake/to roast/to heat/to boil (tea, water etc)/fever/to run a temperature/(coll.) to let things go to one's head"
"摆","擺","bǎi","bai3","4","Level 4","to arrange/to exhibit/to move to and fro/a pendulum"
"降","降","jiàng","jiang4","4","Level 4","to surrender/to capitulate/to subdue/to tame"
"秘","秘","mì","mi4","4","Level 4","secret/secretary"
"密","密","mì","mi4","4","Level 4","secret/confidential/close/thick/dense"
"趣","趣","qù","qu4","4","Level 4","interesting/to interest"
"移","移","yí","yi2","4","Level 4","to move/to shift/to change/to alter/to remove"
"奋","奮","fèn","fen4","4","Level 4","to exert oneself (bound form)"
"临","臨","lín","lin2","4","Level 4","to face/to overlook/to arrive/to be (just) about to/just before"
"避","避","bì","bi4","4","Level 4","to avoid/to shun/to flee/to escape/to keep away from/to leave/to hide from"
"官","官","guān","guan1","4","Level 4","government official/governmental/official/public/organ of the body/CL:個|个[ge4]"
"限","限","xiàn","xian4","4","Level 4","to limit/to restrict/(bound form) limit/bound"
"戴","戴","dài","dai4","4","Level 4","to put on or wear (glasses, hat, gloves etc)/to respect/to bear/to support"
"躺","躺","tǎng","tang3","4","Level 4","to recline/to lie down"
"奖","獎","jiǎng","jiang3","4","Level 4","prize/award/encouragement/CL:個|个[ge4]"
"垃","垃","lā","la1","4","Level 4","used in 垃圾[la1 ji1]/Taiwan pr. [le4]"
"圾","圾","jī","ji1","4","Level 4","used in 垃圾[la1 ji1]/Taiwan pr. [se4]"
"婆","婆","pó","po2","4","Level 4","grandmother/matron/mother-in-law/(slang) femme (in a lesbian relationship)"
"盖","蓋","gài","gai4","4","Level 4","lid/top/cover/canopy/to cover/to conceal/to build"
"培","培","péi","pei2","4","Level 4","to bank up with earth/to cultivate (lit. or fig.)/to train (people)"
"县","縣","xiàn","xian4","4","Level 4","county"
"抽","抽","chōu","chou1","4","Level 4","to draw out/to pull out from in between/to remove part of the whole/(of certain plants) to sprout or bud/to whip or thrash"
"码","碼","mǎ","ma3","4","Level 4","weight/number/code/to pile/to stack/classifier for length or distance (yard), happenings etc"
"替","替","tì","ti4","4","Level 4","to substitute for/to take the place of/to replace/for/on behalf of/to stand in for"
"俩","倆","liǎ","lia3","4","Level 4","used in 伎倆|伎俩[ji4 liang3]"
"敌","敵","dí","di2","4","Level 4","enemy/to be a match for/to rival/to resist/to withstand"
"刺","刺","cì","ci4","4","Level 4","thorn/sting/thrust/to prick/to pierce/to stab/to assassinate/to murder"
"激","激","jī","ji1","4","Level 4","to arouse/to incite/to excite/to stimulate/sharp/fierce/violent"
"维","維","wéi","wei2","4","Level 4","to preserve/to maintain/to hold together/dimension/vitamin (abbr. for 維生素|维生素[wei2 sheng1 su4])"
"均","均","jūn","jun1","4","Level 4","equal/even/all/uniform"
"归","歸","guī","gui1","4","Level 4","to return/to go back to/to give back to/(of a responsibility) to be taken care of by/to belong to/to gather together/(used between two identical verbs) despite/to marry (of a woman) (old)/division on the abacus with a one-digit divisor"
"登","登","dēng","deng1","4","Level 4","to scale (a height)/to ascend/to mount/to publish or record/to enter (e.g. in a register)/to press down with the foot/to step or tread on/to put on (shoes or trousers) (dialect)/to be gathered and taken to the threshing ground (old)"
"卷","卷捲","juǎn","juan3","4","Level 4","to roll up/to sweep up; to carry along/a roll/classifier for rolls, spools etc"
"译","譯","yì","yi4","4","Level 4","to translate/to interpret"
"贝","貝","bèi","bei4","4","Level 4","cowrie/shellfish/currency (archaic)"
"逐","逐","zhú","zhu2","4","Level 4","(bound form) to pursue/to chase away/individually/one by one"
"渐","漸","jiàn","jian4","4","Level 4","gradual/gradually"
"编","編","biān","bian1","4","Level 4","to weave/to plait/to organize/to group/to arrange/to edit/to compile/to write/to compose/to fabricate/to make up"
"闹","鬧","nào","nao4","4","Level 4","noisy/cacophonous/to make noise/to disturb/to vent (feelings)/to fall ill/to have an attack (of sickness)/to go in (for some activity)/to joke"
"季","季","jì","ji4","4","Level 4","season/the last month of a season/fourth or youngest amongst brothers/classifier for seasonal crop yields"
"综","綜","zōng","zong1","4","Level 4","(bound form) to synthesize; to combine/Taiwan pr. [zong4]"
"陆","陸","lù","lu4","4","Level 4","(bound form) land (as opposed to the sea)"
"模","模","mó","mo2","5","Level 5","mold/die/matrix/pattern"
"含","含","hán","han2","5","Level 5","to keep in the mouth/to contain"
"兵","兵","bīng","bing1","5","Level 5","soldiers/a force/an army/weapons/arms/military/warlike/CL:個|个[ge4]"
"士","士","shì","shi4","5","Level 5","member of the senior ministerial class (old)/scholar (old)/bachelor/honorific/soldier/noncommissioned officer/specialist worker"
"扩","擴","kuò","kuo4","5","Level 5","to enlarge"
"镜","鏡","jìng","jing4","5","Level 5","mirror/lens"
"微","微","wēi","wei1","5","Level 5","tiny/miniature/slightly/profound/abtruse/to decline/one millionth part of/micro-/Taiwan pr. [wei2]"
"细","細","xì","xi4","5","Level 5","thin or slender/finely particulate/thin and soft/fine/delicate/trifling/(of a sound) quiet/frugal"
"召","召","zhào","zhao4","5","Level 5","to call together/to summon/to convene/temple or monastery (used in place names in Inner Mongolia)"
"固","固","gù","gu4","5","Level 5","hard/strong/solid/sure/assuredly/undoubtedly/of course/indeed/admittedly"
"诗","詩","shī","shi1","5","Level 5","poem/CL:首[shou3]/poetry/verse"
"财","財","cái","cai2","5","Level 5","money/wealth/riches/property/valuables"
"宽","寬","kuān","kuan1","5","Level 5","wide/broad/loose/relaxed/lenient"
"透","透","tòu","tou4","5","Level 5","(bound form) to penetrate; to seep through/to tell secretly; to leak/thoroughly; through and through/to appear; to show"
"帅","帥","shuài","shuai4","5","Level 5","(bound form) commander-in-chief/(bound form) to lead; to command/handsome; graceful; dashing; elegant/(coll.) cool!; sweet!/(Chinese chess) general (on the red side, equivalent to a king in Western chess)"
"暗","暗闇","àn","an4","5","Level 5","(literary) to close (a door)/to eclipse/confused; ignorant/dark"
"呼","呼","hū","hu1","5","Level 5","to shout/to call out"
"圆","圓","yuán","yuan2","5","Level 5","circle/round/circular/spherical/(of the moon) full/unit of Chinese currency (yuan)/tactful/to make consistent and whole (the narrative of a dream or a lie)"
"牙","牙","yá","ya2","5","Level 5","tooth/ivory/CL:顆|颗[ke1]"
"擦","擦","cā","ca1","5","Level 5","to rub; to scratch/to wipe; to polish/to apply (lipstick, lotion etc)/to brush (past)/to shred (a vegetable etc)"
"伙","夥伙","huǒ","huo3","5","Level 5","companion/partner/group/classifier for groups of people/to combine/together"
"伴","伴","bàn","ban4","5","Level 5","partner; companion; comrade; associate/to accompany"
"禁","禁","jìn","jin4","5","Level 5","to prohibit/to forbid"
"弱","弱","ruò","ruo4","5","Level 5","weak; feeble/young/inferior; not as good as/(following a decimal or fraction) slightly less than"
"折","折","zhé","zhe2","5","Level 5","to fold"
"摇","搖","yáo","yao2","5","Level 5","to shake/to rock/to row/to crank"
"阵","陣","zhèn","zhen4","5","Level 5","disposition of troops/wave/spate/burst/spell/short period of time/classifier for events or states of short duration"
"守","守","shǒu","shou3","5","Level 5","to guard/to defend/to keep watch/to abide by the law/to observe (rules or ritual)/nearby/adjoining"
"寄","寄","jì","ji4","5","Level 5","to send/to mail/to entrust/to depend on/to attach oneself to/to live (in a house)/to lodge/foster (son etc)"
"闭","閉","bì","bi4","5","Level 5","to close/to stop up/to shut/to obstruct"
"征","征徵","zhēng","zheng1","5","Level 5","to invite/to recruit/to levy (taxes)/to draft (troops)/phenomenon/symptom/characteristic sign (used as proof)/evidence"
"阅","閱","yuè","yue4","5","Level 5","to inspect/to review/to read/to peruse/to go through/to experience"
"江","江","jiāng","jiang1","5","Level 5","river/CL:條|条[tiao2],道[dao4]"
"森","森","sēn","sen1","5","Level 5","(bound form) densely wooded/(fig.) (bound form) multitudinous; gloomy; forbidding"
"林","林","lín","lin2","5","Level 5","(bound form) woods; forest/(bound form) circle(s) (i.e. specific group of people)/(bound form) a collection (of similar things)"
"脱","脫","tuō","tuo1","5","Level 5","to shed/to take off/to escape/to get away from"
"描","描","miáo","miao2","5","Level 5","to depict/to trace (a drawing)/to copy/to touch up"
"述","述","shù","shu4","5","Level 5","(bound form) to state; to tell; to narrate; to relate"
"隔","隔","gé","ge2","5","Level 5","to separate/to partition/to stand or lie between/at a distance from/after or at an interval of"
"闪","閃","shǎn","shan3","5","Level 5","to dodge/to duck out of the way/to beat it/shaken (by a fall)/to sprain/to pull a muscle/lightning/spark/a flash/to flash (across one's mind)/to leave behind/(Internet slang) (of a display of affection) ""dazzlingly"" saccharine"
"促","促","cù","cu4","5","Level 5","urgent/hurried/to urge/to promote/to urge haste/close/intimate"
"阻","阻","zǔ","zu3","5","Level 5","to hinder/to block/to obstruct"
"袋","袋","dài","dai4","5","Level 5","pouch/bag/sack/pocket"
"泪","淚","lèi","lei4","5","Level 5","tears"
"薄","薄","báo","bao2","5","Level 5","thin; flimsy/slight/poor/unkind"
"肚","肚","dù","du4","5","Level 5","belly"
"湿","濕","shī","shi1","5","Level 5","moist/wet"
"纯","純","chún","chun2","5","Level 5","pure/simple/unmixed/genuine"
"腰","腰","yāo","yao1","5","Level 5","waist/lower back/pocket/middle/loins"
"锻","鍛","duàn","duan4","5","Level 5","to forge/to discipline/wrought"
"炼","煉","liàn","lian4","5","Level 5","to smelt/to measure/to cultivate"
"玉","玉","yù","yu4","5","Level 5","jade"
"厚","厚","hòu","hou4","5","Level 5","thick/deep or profound/kind/generous/rich or strong in flavor/to favor/to stress"
"勇","勇","yǒng","yong3","5","Level 5","brave"
"刷","刷","shuā","shua1","5","Level 5","to select"
"沉","沉","chén","chen2","5","Level 5","to submerge/to immerse/to sink/to keep down/to lower/to drop/deep/profound/heavy"
"默","默","mò","mo4","5","Level 5","silent/to write from memory"
"肥","肥","féi","fei2","5","Level 5","fat/fertile/loose-fitting or large/to fertilize/to become rich by illegal means/fertilizer/manure"
"聊","聊","liáo","liao2","5","Level 5","to chat/to depend upon (literary)/temporarily/just/slightly"
"趋","趨","qū","qu1","5","Level 5","to hasten/to hurry/to walk fast/to approach/to tend towards/to converge"
"诚","誠","chéng","cheng2","5","Level 5","sincere/authentic/really/truly"
"余","余餘","yú","yu2","5","Level 5","extra/surplus/remaining/remainder after division/(following numerical value) or more/in excess of (some number)/residue (math.)/after/I/me"
"聚","聚","jù","ju4","5","Level 5","to congregate/to assemble/to mass/to gather together/to amass/to polymerize"
"纷","紛","fēn","fen1","5","Level 5","numerous/confused/disorderly"
"堵","堵","dǔ","du3","5","Level 5","to block up (a road, pipe etc)/to stop up (a hole)/(fig.) (of a person) choked up with anxiety or stress/wall (literary)/(classifier for walls)"
"率","率","lǜ","lv4","5","Level 5","to lead/to command/rash/hasty/frank/straightforward/generally/usually"
"航","航","háng","hang2","5","Level 5","boat/ship/craft/to navigate/to sail/to fly"
"辣","辣","là","la4","5","Level 5","hot (spicy)/pungent/(of chili pepper, raw onions etc) to sting/to burn"
"盐","鹽","yán","yan2","5","Level 5","salt/CL:粒[li4]"
"棵","棵","kē","ke1","5","Level 5","classifier for trees, cabbages, plants etc"
"植","植","zhí","zhi2","5","Level 5","to plant"
"晒","曬","shài","shai4","5","Level 5","(of the sun) to shine on/to bask in (the sunshine)/to dry (clothes, grain etc) in the sun/(fig.) to expose and share (one's experiences and thoughts) on the Web (loanword from ""share"")/(coll.) to give the cold shoulder to"
"梯","梯","tī","ti1","5","Level 5","ladder/stairs"
"酸","酸","suān","suan1","5","Level 5","sour/tart/sick at heart/grieved/sore/aching/pedantic/impractical/to make sarcastic remarks about sb/an acid"
"帽","帽","mào","mao4","5","Level 5","hat/cap"
"淡","淡","dàn","dan4","5","Level 5","insipid/diluted/weak/mild/light in color/tasteless/indifferent"
"潮","潮","cháo","chao2","5","Level 5","tide/damp; moist; humid/fashionable; trendy/(coll.) inferior; substandard"
"穷","窮","qióng","qiong2","5","Level 5","poor/destitute/to use up/to exhaust/thoroughly/extremely/(coll.) persistently and pointlessly"
"叔","叔","shū","shu1","5","Level 5","uncle/father's younger brother/husband's younger brother/Taiwan pr. [shu2]"
"填","填","tián","tian2","5","Level 5","to fill or stuff/(of a form etc) to fill in"
"粗","粗麤","cū","cu1","5","Level 5","coarse; rough/vulgar/thick"
"粮","糧","liáng","liang2","5","Level 5","grain/food/provisions/agricultural tax paid in grain"
"逛","逛","guàng","guang4","5","Level 5","to stroll/to visit"
"浅","淺","qiǎn","qian3","5","Level 5","shallow/light (color)"
"迫","迫","pò","po4","5","Level 5","to force/to compel/to approach or go towards/urgent/pressing"
"惊","驚","jīng","jing1","5","Level 5","to startle/to be frightened/to be scared/alarm"
"弯","彎","wān","wan1","5","Level 5","to bend/bent/a bend; a turn (in a road etc)/CL:道[dao4]"
"幼","幼","yòu","you4","5","Level 5","young"
"恶","惡","è","e4","5","Level 5","to hate/to loathe/ashamed/to fear/to slander"
"塑","塑","sù","su4","5","Level 5","to model (a figure) in clay"
"浓","濃","nóng","nong2","5","Level 5","concentrated/dense/strong (smell etc)"
"遗","遺","yí","yi2","5","Level 5","(bound form) to leave behind"
"笨","笨","bèn","ben4","5","Level 5","stupid/foolish/silly/slow-witted/clumsy"
"延","延","yán","yan2","5","Level 5","to prolong/to extend/to delay"
"阿","阿","ā","a1","5","Level 5","(literary) to flatter; to curry favor with"
"姨","姨","yí","yi2","5","Level 5","mother's sister/aunt"
"扫","掃","sǎo","sao3","5","Level 5","broom"
"燃","燃","rán","ran2","5","Level 5","to burn/to ignite/to light/fig. to spark off (hopes)/to start (debate)/to raise (hopes)"
"途","途","tú","tu2","5","Level 5","way/route/road"
"缓","緩","huǎn","huan3","5","Level 5","slow/unhurried/sluggish/gradual/not tense/relaxed/to postpone/to defer/to stall/to stave off/to revive/to recuperate"
"谓","謂","wèi","wei4","5","Level 5","to speak/to say/to name/to designate/meaning/sense"
"尺","尺","chǐ","chi3","5","Level 5","a Chinese foot/one-third of a meter/a ruler/a tape-measure/one of the three acupoints for measuring pulse in Chinese medicine/CL:支[zhi1],把[ba3]"
"伞","繖傘","sǎn","san3","5","Level 5","umbrella/parachute"
"迟","遲","chí","chi2","5","Level 5","late/delayed/slow"
"招","招","zhāo","zhao1","5","Level 5","to recruit/to provoke/to beckon/to incur/to infect/contagious/a move (chess)/a maneuver/device/trick/to confess"
"赞","贊","zàn","zan4","5","Level 5","to patronize/to support/to praise/(Internet slang) to like (an online post on Facebook etc)"
"巴","巴","bā","ba1","5","Level 5","to long for/to wish/to cling to/to stick to/sth that sticks/close to/next to/spread open/informal abbr. for bus 巴士[ba1 shi4]/bar (unit of pressure)/nominalizing suffix on certain nouns, such as 尾巴[wei3 ba5], tail"
"寸","寸","cùn","cun4","5","Level 5","a unit of length/inch/thumb"
"智","智","zhì","zhi4","5","Level 5","(literary) wise; wisdom"
"缩","縮","suō","suo1","5","Level 5","to withdraw/to pull back/to contract/to shrink/to reduce/abbreviation/also pr. [su4]"
"矮","矮","ǎi","ai3","5","Level 5","low/short (in length)"
"孙","孫","sūn","sun1","5","Level 5","grandson/descendant"
"裹","裹","guǒ","guo3","5","Level 5","to wrap around/bundle; parcel; package/to press into service; to pressgang; to make off with (sth)"
"暑","暑","shǔ","shu3","5","Level 5","heat/hot weather/summer heat"
"瓜","瓜","guā","gua1","5","Level 5","melon/gourd/squash"
"胸","胸","xiōng","xiong1","5","Level 5","chest/bosom/heart/mind/thorax"
"寒","寒","hán","han2","5","Level 5","cold/poor/to tremble"
"抄","抄","chāo","chao1","5","Level 5","to make a copy/to plagiarize/to search and seize/to raid/to grab/to go off with/to take a shortcut/to make a turning move/to fold one's arms"
"骨","骨","gǔ","gu3","5","Level 5","bone"
"豆","豆","dòu","dou4","5","Level 5","legume; pulse; bean; pea (CL:棵[ke1],粒[li4])/stemmed sacrificial vessel"
"腐","腐","fǔ","fu3","5","Level 5","decay/rotten"
"巾","巾","jīn","jin1","5","Level 5","towel/general purpose cloth/women's headcovering (old)/Kangxi radical 50"
"耳","耳","ěr","er3","5","Level 5","ear/handle (archaeology)/and that is all (Classical Chinese)"
"咸","咸鹹","xián","xian2","5","Level 5","salted/salty/stingy/miserly"
"尾","尾","wěi","wei3","5","Level 5","horse's tail/pointed posterior section of a locust etc"
"尚","尚","shàng","shang4","5","Level 5","still/yet/to value/to esteem"
"赏","賞","shǎng","shang3","5","Level 5","to bestow (a reward)/to give (to an inferior)/to hand down/a reward (bestowed by a superior)/to appreciate (beauty)"
"劲","勁","jìn","jin4","5","Level 5","stalwart/sturdy/strong/powerful"
"辩","辯","biàn","bian4","5","Level 5","to dispute/to debate/to argue/to discuss"
"叶","葉叶","yè","ye4","5","Level 5","leaf/page/lobe/(historical) period/classifier for small boats"
"递","遞","dì","di4","5","Level 5","to hand over; to pass on; to deliver/(bound form) progressively; in the proper order"
"郎","郎","láng","lang2","5","Level 5","(arch.) minister/official/noun prefix denoting function or status/a youth"
"虫","蟲","chóng","chong2","5","Level 5","lower form of animal life, including insects, insect larvae, worms and similar creatures/CL:條|条[tiao2],隻|只[zhi1]/(fig.) person with a particular undesirable characteristic"
"亚","亞","yà","ya4","5","Level 5","second/next to/inferior/sub-/Taiwan pr. [ya3]"
"泉","泉","quán","quan2","5","Level 5","spring (small stream)/mouth of a spring/coin (archaic)"
"厘","釐","lí","li2","5","Level 5","one hundredth/centi-"
"俗","俗","sú","su2","5","Level 5","custom/convention/popular/common/coarse/vulgar/secular"
"毫","毫","háo","hao2","5","Level 5","hair/drawing brush/(in the) least/one thousandth/currency unit, 0.1 yuan"
"雷","雷","léi","lei2","5","Level 5","thunder/(bound form) (military) mine, as in 地雷[di4 lei2] land mine/(coll.) to shock; to stun; to astound/(Tw) (coll.) spoiler/(Tw) (coll.) to reveal plot details to (sb)"
"唯","唯","wéi","wei2","5","Level 5","yes"
"织","織","zhī","zhi1","5","Level 5","to weave"
"肯","肯","kěn","ken3","5","Level 5","to agree; to consent/to be willing to"
"搞","搞","gǎo","gao3","5","Level 5","to do/to make/to go in for/to set up/to get hold of/to take care of"
"控","控","kòng","kong4","5","Level 5","to control/to accuse/to charge/to sue/to invert a container to empty it/(suffix) (slang) buff/enthusiast/devotee/-phile or -philia"
"拥","擁","yōng","yong1","5","Level 5","to hold in one's arms; to embrace/to surround; to gather around/to throng; to swarm/(bound form) to support (as in 擁護|拥护[yong1 hu4])/(literary) to have; to possess/Taiwan pr. [yong3]"
"令","令","lìng","ling4","5","Level 5","to order/to command/an order/warrant/writ/to cause/to make sth happen/virtuous/honorific title/season/government position (old)/type of short song or poem"
"析","析","xī","xi1","5","Level 5","to separate/to divide/to analyze"
"杀","殺","shā","sha1","5","Level 5","to kill/to murder/to attack/to weaken or reduce/to smart (dialect)/(used after a verb) extremely"
"版","版","bǎn","ban3","5","Level 5","a register/block of printing/edition/version/page"
"键","鍵","jiàn","jian4","5","Level 5","key (on a piano or computer keyboard)/button (on a mouse or other device)/chemical bond/linchpin"
"筑","筑築","zhù","zhu4","5","Level 5","to build/to construct/to ram/to hit/Taiwan pr. [zhu2]"
"弃","棄","qì","qi4","5","Level 5","to abandon/to relinquish/to discard/to throw away"
"执","執","zhí","zhi2","5","Level 5","to execute (a plan)/to grasp"
"恢","恢","huī","hui1","5","Level 5","to restore/to recover/great"
"秒","秒","miǎo","miao3","5","Level 5","second (unit of time)/arc second (angular measurement unit)/(coll.) instantly"
"竞","競","jìng","jing4","5","Level 5","to compete/to contend/to struggle"
"冠","冠","guān","guan1","5","Level 5","to put on a hat/to be first/to dub"
"军","軍","jūn","jun1","5","Level 5","(bound form) army/military"
"抢","搶","qiǎng","qiang3","5","Level 5","to fight over/to rush/to scramble/to grab/to rob/to snatch"
"旦","旦","dàn","dan4","5","Level 5","(literary) dawn; daybreak/dan, female role in Chinese opera (traditionally played by specialized male actors)"
"幅","幅","fú","fu2","5","Level 5","width/roll/classifier for textiles or pictures"
"拒","拒","jù","ju4","5","Level 5","to resist/to repel/to refuse"
"央","央","yāng","yang1","5","Level 5","center/end/to beg/to plead"
"辑","輯","jí","ji2","5","Level 5","to gather up/to collect/to edit/to compile"
"协","協","xié","xie2","5","Level 5","to cooperate/to harmonize/to help/to assist/to join"
"估","估","gū","gu1","5","Level 5","used in 估衣[gu4 yi5]"
"颗","顆","kē","ke1","5","Level 5","classifier for small spheres, pearls, corn grains, teeth, hearts, satellites etc"
"陪","陪","péi","pei2","5","Level 5","to accompany/to keep sb company/to assist"
"摄","攝","shè","she4","5","Level 5","(bound form) to take in; to absorb; to assimilate/to take (a photo)/(literary) to conserve (one's health)/(literary) to act for"
"掌","掌","zhǎng","zhang3","5","Level 5","palm of the hand/sole of the foot/paw/horseshoe/to slap/to hold in one's hand/to wield"
"龄","齡","líng","ling2","5","Level 5","age/length of experience, membership etc"
"域","域","yù","yu4","5","Level 5","field/region/area/domain (taxonomy)"
"触","觸","chù","chu4","5","Level 5","to touch/to make contact with sth/to stir up sb's emotions"
"邀","邀","yāo","yao1","5","Level 5","to invite/to request/to intercept/to solicit/to seek"
"俱","俱","jù","ju4","5","Level 5","(literary) all; both; entirely; without exception/(literary) to be together/(literary) to be alike"
"损","損","sǔn","sun3","5","Level 5","to decrease; to lose/to damage; to harm/(coll.) to ridicule; to deride/(coll.) caustic; sarcastic; nasty; mean/one of the 64 hexagrams of the Book of Changes: ䷨"
"悉","悉","xī","xi1","5","Level 5","in all cases/know"
"枪","槍","qiāng","qiang1","5","Level 5","rifle/spear"
"击","擊","jī","ji1","5","Level 5","to hit/to strike/to break/Taiwan pr. [ji2]"
"忆","憶","yì","yi4","5","Level 5","to recollect/to remember/memory"
"册","冊","cè","ce4","5","Level 5","book/booklet/classifier for books"
"启","啟","qǐ","qi3","5","Level 5","to open/to start/to initiate/to enlighten or awaken/to state/to inform"
"贷","貸","dài","dai4","5","Level 5","to lend on interest/to borrow/a loan/leniency/to make excuses/to pardon/to forgive"
"款","款","kuǎn","kuan3","5","Level 5","section/paragraph/funds/CL:筆|笔[bi3],個|个[ge4]/classifier for versions or models (of a product)"
"尊","尊","zūn","zun1","5","Level 5","senior/of a senior generation/to honor/to respect/honorific/classifier for cannons and statues/ancient wine vessel"
"革","革","gé","ge2","5","Level 5","animal hide/leather/to reform/to remove/to expel (from office)"
"剩","剩","shèng","sheng4","5","Level 5","to remain/to be left/to have as remainder"
"尤","尤","yóu","you2","5","Level 5","outstanding/particularly, especially/a fault/to express discontentment against"
"届","屆","jiè","jie4","5","Level 5","to arrive at (place or time)/period/to become due/classifier for events, meetings, elections, sporting fixtures, years (of graduation)"
"偷","偷","tōu","tou1","5","Level 5","to steal/to pilfer/to snatch/thief/stealthily"
"乏","乏","fá","fa2","5","Level 5","short of/tired"
"呆","呆","dāi","dai1","5","Level 5","foolish/stupid/expressionless/blank/to stay"
"鼓","鼓","gǔ","gu3","5","Level 5","drum/CL:通[tong4],面[mian4]/to drum/to strike/to rouse/to bulge/to swell"
"励","勵","lì","li4","5","Level 5","to encourage/to urge"
"甲","甲","jiǎ","jia3","5","Level 5","first of the ten Heavenly Stems 十天干[shi2 tian1 gan1]/(used for an unspecified person or thing)/first (in a list, as a party to a contract etc)/letter ""A"" or roman ""I"" in list ""A, B, C"", or ""I, II, III"" etc/armor plating/shell or carapace/(of the fingers or toes) nail/bladed leather or metal armor (old)/ranking system used in the Imperial examinations (old)/civil administration unit in the baojia 保甲[bao3 jia3] system (old)/ancient Chinese compass point: 75°"
"频","頻","pín","pin2","5","Level 5","frequency/frequently/repetitious"
"肤","膚","fū","fu1","5","Level 5","skin"
"棒","棒","bàng","bang4","5","Level 5","stick/club/cudgel/smart/capable/strong/wonderful/classifier for legs of a relay race"
"疯","瘋","fēng","feng1","5","Level 5","insane/mad/wild"
"狂","狂","kuáng","kuang2","5","Level 5","mad/wild/violent"
"矛","矛","máo","mao2","5","Level 5","spear/lance/pike"
"盾","盾","dùn","dun4","5","Level 5","shield/(currency) Vietnamese dong/currency unit of several countries (Indonesian rupiah, Dutch gulden etc)"
"丢","丟","diū","diu1","5","Level 5","to lose/to put aside/to throw"
"仔","仔","zǎi","zai3","5","Level 5","meticulous/(of domestic animals or fowls) young"
"暂","暫蹔","zàn","zan4","5","Level 5","temporary"
"惜","惜","xī","xi1","5","Level 5","to cherish/to begrudge/to pity/Taiwan pr. [xi2]"
"签","籤籖簽","qiān","qian1","5","Level 5","inscribed bamboo stick (used in divination, gambling, drawing lots etc)/small wood sliver/label/tag"
"傻","傻","shǎ","sha3","5","Level 5","foolish"
"欣","欣","xīn","xin1","5","Level 5","happy"
"射","射","shè","she4","5","Level 5","to shoot/to launch/to allude to/radio- (chemistry)"
"凭","憑","píng","ping2","5","Level 5","to lean against/to rely on/on the basis of/no matter (how, what etc)/proof"
"详","詳","xiáng","xiang2","5","Level 5","detailed/comprehensive"
"洞","洞","dòng","dong4","5","Level 5","cave/hole/zero (unambiguous spoken form when spelling out numbers)/CL:個|个[ge4]"
"撞","撞","zhuàng","zhuang4","5","Level 5","to knock against/to bump into/to run into/to meet by accident"
"骗","騙","piàn","pian4","5","Level 5","to cheat/to swindle/to deceive/to get on (a horse etc) by swinging one leg over"
"吓","嚇","xià","xia4","5","Level 5","to frighten/to scare"
"曲","曲麴","qū","qu1","5","Level 5","yeast/Aspergillus (includes many common molds)/Taiwan pr. [qu2]"
"鬼","鬼","guǐ","gui3","5","Level 5","disembodied spirit; ghost; devil/(suffix) person with a certain vice or addiction etc/sly; crafty; resourceful/one of the 28 constellations of ancient Chinese astronomy"
"库","庫","kù","ku4","5","Level 5","warehouse/storehouse/(file) library"
"玻","玻","bō","bo1","5","Level 5","glass"
"贸","貿","mào","mao4","5","Level 5","commerce/trade"
"吨","噸","dūn","dun1","5","Level 5","ton (loanword)/Taiwan pr. [dun4]"
"逃","逃","táo","tao2","5","Level 5","to escape/to run away/to flee"
"聪","聰","cōng","cong1","5","Level 5","(literary) acute (of hearing)/(bound form) clever; intelligent; sharp"
"毒","毒","dú","du2","5","Level 5","poison/to poison/poisonous/malicious/cruel/fierce/narcotics"
"彼","彼","bǐ","bi3","5","Level 5","that/those/(one) another"
"沟","溝","gōu","gou1","5","Level 5","ditch/gutter/groove/gully/ravine/CL:道[dao4]"
"润","潤","rùn","run4","5","Level 5","moist; glossy; sleek/to moisten; to lubricate/to embellish; to enhance/profit; remuneration/(neologism c. 2021) (slang) (loanword from ""run"") to emigrate (in order to flee adverse conditions)"
"欠","欠","qiàn","qian4","5","Level 5","to owe/to lack/(literary) to be deficient in/(bound form) yawn/to raise slightly (a part of one's body)"
"漫","漫","màn","man4","5","Level 5","free/unrestrained/to inundate"
"厉","厲","lì","li4","5","Level 5","strict/severe"
"私","私","sī","si1","5","Level 5","personal/private/selfish"
"硬","硬","yìng","ying4","5","Level 5","hard; stiff; solid/(fig.) strong; firm/resolutely; uncompromisingly/laboriously; with great difficulty/good (quality); able (person)/(of food) filling; substantial"
"恨","恨","hèn","hen4","5","Level 5","to hate/to regret"
"搜","搜","sōu","sou1","5","Level 5","to search"
"索","索","suǒ","suo3","5","Level 5","to search/to demand/to ask/to exact/large rope/isolated"
"劳","勞","láo","lao2","5","Level 5","to toil/labor/laborer/to put sb to trouble (of doing sth)/meritorious deed/to console (Taiwan pr. [lao4] for this sense)"
"稍","稍","shāo","shao1","5","Level 5","a little; slight"
"违","違","wéi","wei2","5","Level 5","to disobey/to violate/to separate/to go against"
"拼","拼","pīn","pin1","5","Level 5","to piece together/to join together/to stake all/adventurous/at the risk of one's life/to spell"
"怜","憐","lián","lian2","5","Level 5","to pity"
"吐","吐","tǔ","tu3","5","Level 5","to vomit/to throw up"
"厅","廳","tīng","ting1","5","Level 5","(reception) hall/living room/office/provincial government department"
"堆","堆","duī","dui1","5","Level 5","to pile up/to heap up/a mass/pile/heap/stack/large amount"
"扔","扔","rēng","reng1","5","Level 5","to throw/to throw away"
"滑","滑","huá","hua2","5","Level 5","to slip; to slide/slippery; smooth/sly; slippery; not to be trusted"
"污","污","wū","wu1","5","Level 5","dirty/filthy/foul/corrupt/to smear/to defile/dirt/filth"
"染","染","rǎn","ran3","5","Level 5","to dye/to catch (a disease)/to acquire (bad habits etc)/to contaminate/to add color washes to a painting"
"恋","戀","liàn","lian4","5","Level 5","to feel attached to/to long for/to love"
"辛","辛","xīn","xin1","5","Level 5","(of taste) hot or pungent/hard/laborious/suffering/eighth in order/eighth of the ten Heavenly Stems 十天干[shi2 tian1 gan1]/letter ""H"" or Roman ""VIII"" in list ""A, B, C"", or ""I, II, III"" etc/ancient Chinese compass point: 285°/octa"
"躲","躲","duǒ","duo3","5","Level 5","to hide/to dodge/to avoid"
"涨","漲","zhǎng","zhang3","5","Level 5","to swell/to distend"
"弹","彈","dàn","dan4","5","Level 5","to pluck (a string)/to play (a string instrument)/to spring or leap/to shoot (e.g. with a catapult)/(of cotton) to fluff or tease/to flick/to flip/to accuse/to impeach/elastic (of materials)"
"返","返","fǎn","fan3","5","Level 5","to return (to)"
"驾","駕","jià","jia4","5","Level 5","to harness/to draw (a cart etc)/to drive/to pilot/to sail/to ride/your good self/prefixed word denoting respect (polite 敬辭|敬辞[jing4 ci2])"
"驶","駛","shǐ","shi3","5","Level 5","(of a vehicle, horse etc) to go fast; to speed/(of a vehicle) to run; to go/(of a boat) to sail"
"虎","虎","hǔ","hu3","5","Level 5","tiger/CL:隻|只[zhi1]"
"瘦","瘦","shòu","shou4","5","Level 5","thin/to lose weight/(of clothing) tight/(of meat) lean/(of land) unproductive"
"猜","猜","cāi","cai1","5","Level 5","to guess"
"厨","廚","chú","chu2","5","Level 5","kitchen"
"询","詢","xún","xun2","5","Level 5","to ask about/to inquire about"
"挤","擠","jǐ","ji3","5","Level 5","to crowd in/to cram in/to force others aside/to press/to squeeze/to find (time in one's busy schedule)"
"宿","宿","sù","su4","5","Level 5","constellation"
"舍","舍捨","shě","she3","5","Level 5","residence"
"碎","碎","suì","sui4","5","Level 5","(transitive or intransitive verb) to break into pieces; to shatter; to crumble/broken; fragmentary; scattered/garrulous"
"辈","輩","bèi","bei4","5","Level 5","lifetime/generation/group of people/class/classifier for generations/(literary) classifier for people"
"委","委","wěi","wei3","5","Level 5","to entrust/to cast aside/to shift (blame etc)/to accumulate/roundabout/winding/dejected/listless/committee member/council/end/actually/certainly"
"托","托託","tuō","tuo1","5","Level 5","to trust/to entrust/to be entrusted with/to act as trustee"
"盒","盒","hé","he2","5","Level 5","small box/case"
"赔","賠","péi","pei2","5","Level 5","to compensate for loss/to indemnify/to suffer a financial loss"
"偿","償","cháng","chang2","5","Level 5","to repay/to compensate for/to recompense/to fulfill (hopes etc)"
"敏","敏","mǐn","min3","5","Level 5","quick; nimble; agile/quick-witted; smart"
"厌","厭","yàn","yan4","5","Level 5","(bound form) to loathe; to be fed up with/(literary) to satiate; to satisfy"
"劝","勸","quàn","quan4","5","Level 5","to advise/to urge/to try to persuade/to exhort/to console/to soothe"
"艰","艱","jiān","jian1","5","Level 5","difficult/hard/hardship"
"烂","爛","làn","lan4","5","Level 5","soft; mushy/well-cooked and soft/to rot; to decompose/rotten/worn out/chaotic; messy/utterly; thoroughly/crappy; bad"
"肃","肅","sù","su4","5","Level 5","respectful/solemn/to eliminate/to clean up"
"悔","悔","huǐ","hui3","5","Level 5","(bound form) to regret; to repent"
"滚","滾","gǔn","gun3","5","Level 5","to boil/to roll/to take a hike/Get lost!"
"熊","熊","xióng","xiong2","5","Level 5","bear/(coll.) to scold; to rebuke/(coll.) weak; incapable"
"绕","繞","rào","rao4","5","Level 5","to rotate around/to spiral/to move around/to go round (an obstacle)/to by-pass/to make a detour"
"饰","飾","shì","shi4","5","Level 5","decoration/ornament/to decorate/to adorn/to hide/to conceal (a fault)/excuse (to hide a fault)/to play a role (in opera)/to impersonate"
"忍","忍","rěn","ren3","5","Level 5","to bear/to endure/to tolerate/to restrain oneself"
"扮","扮","bàn","ban4","5","Level 5","to disguise oneself as/to dress up/to play (a role)/to put on (an expression)"
"泛","泛","fàn","fan4","5","Level 5","(bound form) general/non-specific/extensive/pan-/to flood/(literary) to float about/to be suffused with (a color, emotion, odor etc)"
"拆","拆","chāi","chai1","5","Level 5","to tear open/to tear down/to tear apart/to open"
"饮","飲","yǐn","yin3","5","Level 5","to give (animals) water to drink"
"醉","醉","zuì","zui4","5","Level 5","intoxicated"
"裁","裁","cái","cai2","5","Level 5","to cut out (as a dress)/to cut/to trim/to reduce/to diminish/to cut back (e.g. on staff)/decision/judgment"
"偶","偶","ǒu","ou3","5","Level 5","accidental/image/pair/mate"
"尔","爾","ěr","er3","5","Level 5","thus/so/like that/you/thou"
"怨","怨","yuàn","yuan4","5","Level 5","to blame/(bound form) resentment; hatred; grudge"
"慰","慰","wèi","wei4","5","Level 5","to comfort/to console/to reassure"
"蔬","蔬","shū","shu1","5","Level 5","vegetables"
"遵","遵","zūn","zun1","5","Level 5","to observe/to obey/to follow/to comply with"
"震","震","zhèn","zhen4","5","Level 5","to shake/to vibrate/to jolt/to quake/excited/shocked/one of the Eight Trigrams 八卦[ba1 gua4], symbolizing thunder/☳"
"锅","鍋","guō","guo1","5","Level 5","pot; pan; wok; cauldron/pot-shaped thing/CL:口[kou3],隻|只[zhi1]"
"惠","惠","huì","hui4","5","Level 5","(bound form) act of kindness (from a superior)/(honorific prefix) kind (as in 惠顧|惠顾[hui4 gu4])"
"扇","扇","shàn","shan4","5","Level 5","fan/sliding, hinged or detachable flat part of sth/classifier for doors, windows etc"
"摔","摔","shuāi","shuai1","5","Level 5","to throw down/to fall/to drop and break"
"敲","敲","qiāo","qiao1","5","Level 5","to hit/to strike/to tap/to rap/to knock/to rip sb off/to overcharge"
"谊","誼","yì","yi4","5","Level 5","friendship/also pr. [yi2]"
"闲","閑閒","xián","xian2","5","Level 5","idle/unoccupied/leisure"
"抬","抬","tái","tai2","5","Level 5","to lift/to raise/(of two or more persons) to carry"
"辞","辭","cí","ci2","5","Level 5","to resign/to dismiss/to decline/to take leave/ballad (archaic poetic genre)"
"耐","耐","nài","nai4","5","Level 5","(bound form) to bear; to endure; to withstand"
"鼻","鼻","bí","bi2","5","Level 5","nose"
"拾","拾","shí","shi2","5","Level 5","to pick up/to collate or arrange/ten (banker's anti-fraud numeral)"
"瞧","瞧","qiáo","qiao2","5","Level 5","to look at/to see/to see (a doctor)/to visit"
"诊","診","zhěn","zhen3","5","Level 5","to examine or treat medically"
"宾","賓","bīn","bin1","5","Level 5","visitor/guest/object (in grammar)"
"臭","臭","chòu","chou4","5","Level 5","sense of smell/smell bad"
"池","池","chí","chi2","5","Level 5","pond/reservoir/moat"
"挣","掙","zhēng","zheng1","5","Level 5","to struggle to get free/to strive to acquire/to make (money)"
"蛇","蛇","shé","she2","5","Level 5","snake/serpent/CL:條|条[tiao2]"
"脆","脆","cuì","cui4","5","Level 5","brittle/fragile/crisp/crunchy/clear and loud voice/neat"
"紫","紫","zǐ","zi3","5","Level 5","purple/violet"
"悲","悲","bēi","bei1","5","Level 5","sad/sadness/sorrow/grief"
"奈","奈","nài","nai4","5","Level 5","used in expressions that convey frustration and futility, such as 无~[wu2 nai4](literary)/used for its phonetic value in writing foreign words"
"拔","拔","bá","ba2","5","Level 5","to pull up/to pull out/to draw out by suction/to select/to pick/to stand out (above level)/to surpass/to seize"
"糟","糟","zāo","zao1","5","Level 5","dregs/draff/pickled in wine/rotten/messy/ruined"
"肌","肌","jī","ji1","5","Level 5","(bound form) flesh; muscle"
"胃","胃","wèi","wei4","5","Level 5","stomach"
"剪","剪","jiǎn","jian3","5","Level 5","scissors/shears/clippers/to cut with scissors/to trim/to wipe out or exterminate"
"胆","膽","dǎn","dan3","5","Level 5","gall bladder/courage/guts/gall/inner container (e.g. bladder of a football, inner container of a thermos)"
"喷","噴","pēn","pen1","5","Level 5","(of a smell) strong/peak season (of a crop)/(classifier for the ordinal number of a crop, in the context of multiple harvests)"
"匹","匹","pǐ","pi3","5","Level 5","to match; to be equal/classifier for cloth: bolt"
"傅","傅","fù","fu4","5","Level 5","(bound form) instructor/(literary) to instruct/to attach/to apply (makeup etc)"
"琴","琴","qín","qin2","5","Level 5","guqin or zither"
"卧","臥","wò","wo4","5","Level 5","to lie/to crouch"
"肩","肩","jiān","jian1","5","Level 5","shoulder/to shoulder (responsibilities etc)"
"贺","賀","hè","he4","5","Level 5","to congratulate"
"脾","脾","pí","pi2","5","Level 5","spleen"
"汗","汗","hàn","han4","5","Level 5","perspiration/sweat/to be speechless (out of helplessness, embarrassment etc) (Internet slang used as an interjection)"
"幽","幽","yōu","you1","5","Level 5","remote/hidden away/secluded/serene/peaceful/to imprison/in superstition indicates the underworld/ancient district spanning Liaonang and Hebei provinces"
"览","覽","lǎn","lan3","5","Level 5","to look at/to view/to read"
"冻","凍","dòng","dong4","5","Level 5","to freeze/to feel very cold/aspic or jelly"
"献","獻","xiàn","xian4","5","Level 5","to offer/to present/to dedicate/to donate/to show/to put on display/worthy person (old)"
"逻","邏","luó","luo2","5","Level 5","patrol"
"摩","摩","mó","mo2","5","Level 5","to rub"
"鼠","鼠","shǔ","shu3","5","Level 5","(bound form) rat; mouse"
"扰","擾","rǎo","rao3","5","Level 5","to disturb"
"仿","彷仿","fǎng","fang3","5","Level 5","seemingly"
"扶","扶","fú","fu2","5","Level 5","to support with the hand/to help sb up/to support oneself by holding onto something/to help"
"漏","漏","lòu","lou4","5","Level 5","to leak/to divulge/to leave out by mistake/waterclock or hourglass (old)"
"戒","戒","jiè","jie4","5","Level 5","to guard against/to exhort/to admonish or warn/to give up or stop doing sth/Buddhist monastic discipline/ring (for a finger)"
"豪","豪","háo","hao2","5","Level 5","grand/heroic"
"敬","敬","jìng","jing4","5","Level 5","(bound form) respectful; to respect/to offer politely"
"钢","鋼","gāng","gang1","5","Level 5","steel"
"丑","丑醜","chǒu","chou3","5","Level 5","shameful/ugly/disgraceful"
"眠","眠","mián","mian2","5","Level 5","to sleep/to hibernate"
"摘","摘","zhāi","zhai1","5","Level 5","to take; to pick (flowers, fruit etc); to pluck; to remove; to take off (glasses, hat etc)/to select; to pick out/to borrow money at a time of urgent need"
"糊","餬糊","hú","hu2","5","Level 5","congee"
"闯","闖","chuǎng","chuang3","5","Level 5","to rush/to charge/to dash/to break through/to temper oneself (through battling hardships)"
"犹","猶","yóu","you2","5","Level 5","as if/(just) like/just as/still/yet"
"豫","豫","yù","yu4","5","Level 5","happy/carefree/at one's ease"
"乙","乙","yǐ","yi3","5","Level 5","turning stroke (in Chinese characters), aka 折[zhe2]"
"煤","煤","méi","mei2","5","Level 5","coal"
"饼","餅","bǐng","bing3","5","Level 5","round flat cake/cookie/cake/pastry/CL:張|张[zhang1]"
"伸","伸","shēn","shen1","5","Level 5","to stretch/to extend"
"悄","悄","qiāo","qiao1","5","Level 5","quiet/sad"
"繁","繁","fán","fan2","5","Level 5","complicated/many/in great numbers/abbr. for 繁體|繁体[fan2 ti3], traditional form of Chinese characters"
"岸","岸","àn","an4","5","Level 5","bank; shore; beach; coast/CL:個|个[ge4]"
"荣","榮","róng","rong2","5","Level 5","glory/honor/thriving"
"铃","鈴","líng","ling2","5","Level 5","(small) bell/CL:隻|只[zhi1]"
"盆","盆","pén","pen2","5","Level 5","basin/flower pot/unit of volume equal to 12 斗[dou3] and 8 升[sheng1], approx 128 liters/CL:個|个[ge4]"
"兔","兔","tù","tu4","5","Level 5","rabbit"
"斜","斜","xié","xie2","5","Level 5","inclined/slanting/oblique/tilting"
"硕","碩","shuò","shuo4","5","Level 5","large/big"
"赠","贈","zèng","zeng4","5","Level 5","to give as a present/to repel/to bestow an honorary title after death (old)"
"愁","愁","chóu","chou2","5","Level 5","to worry about"
"漠","漠","mò","mo4","5","Level 5","desert/unconcerned"
"壁","壁","bì","bi4","5","Level 5","wall/rampart"
"核","核","hé","he2","5","Level 5","seed/core/nucleus/to investigate"
"灰","灰","huī","hui1","5","Level 5","ash/dust/lime/gray/discouraged; dejected"
"披","披","pī","pi1","5","Level 5","to drape over one's shoulders/to open/to unroll/to split open/to spread out"
"桃","桃","táo","tao2","5","Level 5","peach"
"幕","幕幙","mù","mu4","5","Level 5","curtain/screen"
"猴","猴","hóu","hou2","5","Level 5","monkey"
"貌","貌","mào","mao4","5","Level 5","appearance"
"泼","潑","pō","po1","5","Level 5","to splash/to spill/rough and coarse/brutish"
"亏","虧","kuī","kui1","5","Level 5","deficiency/deficit/luckily/it's lucky that.../(often ironically) fancy that..."
"慌","慌","huāng","huang1","5","Level 5","to get panicky; to lose one's head/(coll.) (after 得[de2]) unbearably; terribly"
"洒","灑","sǎ","sa3","5","Level 5","to sprinkle/to spray/to spill/to shed"
"歇","歇","xiē","xie1","5","Level 5","to rest/to take a break/to stop/to halt/(dialect) to sleep/a moment/a short while"
"碍","礙","ài","ai4","5","Level 5","to hinder/to obstruct/to block"
"葡","葡","pú","pu2","5","Level 5","used in ~萄[pu2 tao5]"
"萄","萄","táo","tao2","5","Level 5","used in 葡~[pu2 tao5]"
"郊","郊","jiāo","jiao1","5","Level 5","suburbs/outskirts"
"辅","輔","fǔ","fu3","5","Level 5","to assist/to complement/auxiliary"
"胡","鬍胡","hú","hu2","5","Level 5","beard/mustache/whiskers"
"珠","珠","zhū","zhu1","5","Level 5","bead/pearl/CL:粒[li4],顆|颗[ke1]"
"拜","拜","bài","bai4","5","Level 5","to pay respect/worship/visit/salute"
"倡","倡","chàng","chang4","5","Level 5","to initiate/to instigate/to introduce/to lead"
"梨","梨","lí","li2","5","Level 5","pear/CL:個|个[ge4]"
"叉","叉","chā","cha1","5","Level 5","to diverge/to open (as legs)"
"咳","咳","ké","ke2","5","Level 5","cough"
"帘","帘簾","lián","lian2","5","Level 5","hanging screen or curtain"
"鸭","鴨","yā","ya1","5","Level 5","duck (CL:隻|只[zhi1])/(slang) male prostitute"
"勤","勤","qín","qin2","5","Level 5","industrious/solicitous"
"羽","羽","yǔ","yu3","5","Level 5","feather/5th note in pentatonic scale"
"柜","櫃柜","guì","gui4","5","Level 5","cupboard/cabinet/wardrobe"
"寿","壽","shòu","shou4","5","Level 5","long life/old age/age/life/birthday/funerary"
"烤","烤","kǎo","kao3","5","Level 5","to roast/to bake/to broil"
"柿","柿","shì","shi4","5","Level 5","persimmon"
"纲","綱","gāng","gang1","5","Level 5","head rope of a fishing net/guiding principle/key link/class (taxonomy)/outline/program"
"柴","柴","chái","chai2","5","Level 5","firewood/lean (of meat)/thin (of a person)"
"籍","籍","jí","ji2","5","Level 5","book or record/registry/roll/place of one's family or ancestral records/membership"
"夕","夕","xī","xi1","5","Level 5","dusk/evening/Taiwan pr. [xi4]"
"朗","朗","lǎng","lang3","5","Level 5","clear/bright"
"押","押","yā","ya1","5","Level 5","to mortgage/to pawn/to detain in custody/to escort and protect/(literary) to sign"
"振","振","zhèn","zhen4","5","Level 5","to shake/to flap/to vibrate/to resonate/to rise up with spirit/to rouse oneself"
"坦","坦","tǎn","tan3","5","Level 5","flat/open-hearted/level/smooth"
"竹","竹","zhú","zhu2","5","Level 5","bamboo/CL:棵[ke1],支[zhi1],根[gen1]/Kangxi radical 118"
"绒","絨","róng","rong2","5","Level 5","velvet/woolen"
"胶","膠","jiāo","jiao1","5","Level 5","to glue/glue/gum/rubber"
"雄","雄","xióng","xiong2","5","Level 5","male/staminate/grand/imposing/powerful/mighty/person or state having great power and influence"
"虚","虛","xū","xu1","5","Level 5","emptiness/void/abstract theory or guiding principles/empty or unoccupied/diffident or timid/false/humble or modest/(of health) weak/virtual/in vain"
"股","股","gǔ","gu3","5","Level 5","thigh/part of a whole/portion of a sum/(stock) share/strand of a thread/low-level administrative unit, translated as ""section"" or ""department"" etc, ranked below 科[ke1]/classifier for long winding things like ropes, rivers etc/classifier for smoke, smells etc: thread, puff, whiff/classifier for bands of people, gangs etc/classifier for sudden forceful actions"
"啦","啦","la","la","5","Level 5","sentence-final particle, contraction of 了啊, indicating exclamation/particle placed after each item in a list of examples"
"副","副","fù","fu4","5","Level 5","secondary/auxiliary/deputy/assistant/vice-/abbr. for 副詞|副词 adverb/classifier for pairs, sets of things & facial expressions"
"若","若","ruò","ruo4","5","Level 5","to seem/like/as/if"
"犯","犯","fàn","fan4","5","Level 5","to violate/to offend/to assault/criminal/crime/to make a mistake/recurrence (of mistake or sth bad)"
"罪","罪","zuì","zui4","5","Level 5","crime"
"党","黨","dǎng","dang3","5","Level 5","party/association/club/society/CL:個|个[ge4]"
"镇","鎮","zhèn","zhen4","5","Level 5","to press down/to calm/to subdue/to suppress/to guard/garrison/small town/to cool or chill (food or drinks)"
"伍","伍","wǔ","wu3","5","Level 5","squad of five soldiers/to associate with/five (banker's anti-fraud numeral)"
"嘛","嘛","ma","ma","5","Level 5","modal particle indicating that sth is obvious/particle indicating a pause for emphasis"
"沿","沿","yán","yan2","5","Level 5","along/to follow (a line, tradition etc)/to carry on/to trim (a border with braid, tape etc)/border/edge"
"允","允","yǔn","yun3","5","Level 5","just/fair/to permit/to allow"
"娱","娛","yú","yu2","5","Level 5","to amuse"
"佳","佳","jiā","jia1","5","Level 5","beautiful/fine/good"
"藏","藏","cáng","cang2","5","Level 5","storehouse/depository/Buddhist or Taoist scripture"
"绪","緒","xù","xu4","5","Level 5","beginnings/clues/mental state/thread"
"威","威","wēi","wei1","5","Level 5","power/might/prestige"
"素","素","sù","su4","5","Level 5","raw silk/white/plain, unadorned/vegetarian (food)/essence/nature/element/constituent/usually/always/ever"
"攻","攻","gōng","gong1","5","Level 5","to attack/to accuse/to study"
"端","端耑","duān","duan1","5","Level 5","start/origin"
"岛","島","dǎo","dao3","5","Level 5","island/CL:個|个[ge4],座[zuo4]"
"逼","逼","bī","bi1","5","Level 5","to force (sb to do sth)/to compel/to press for/to extort/to press on towards/to press up to/to close in on/euphemistic variant of 屄[bi1]"
"露","露","lù","lu4","5","Level 5","dew/syrup/nectar/outdoors (not under cover)/to show/to reveal/to betray/to expose"
"爆","爆","bào","bao4","5","Level 5","to explode or burst/to quick fry or quick boil"
"炸","炸","zhà","zha4","5","Level 5","to burst/to explode/to blow up/(fig.) to fly into a rage"
"憾","憾","hàn","han4","5","Level 5","regret (sense of loss or dissatisfaction)"
"予","予","yǔ","yu3","5","Level 5","(literary) to give"
"诺","諾","nuò","nuo4","5","Level 5","to consent/to promise/(literary) yes!"
"咨","咨","zī","zi1","5","Level 5","to consult"
"患","患","huàn","huan4","5","Level 5","to suffer (from illness)/to contract (a disease)/misfortune/trouble/danger/worry"
"赚","賺","zhuàn","zhuan4","5","Level 5","to cheat/to swindle"
"涉","涉","shè","she4","5","Level 5","(literary) to wade across a body of water/(bound form) to experience/to undergo/to be involved/to concern"
"拖","拖","tuō","tuo1","5","Level 5","to drag/to tow/to trail/to hang down/to mop (the floor)/to delay/to drag on"
"监","監","jiān","jian1","5","Level 5","supervisor"
"督","督","dū","du1","5","Level 5","(bound form) to supervise"
"仪","儀","yí","yi2","5","Level 5","apparatus/rites/appearance/present/ceremony"
"贡","貢","gòng","gong4","5","Level 5","to offer tribute/tribute/gifts"
"塞","塞","sāi","sai1","5","Level 5","to stop up/to stuff/to cope with"
"炒","炒","chǎo","chao3","5","Level 5","to sauté; to stir-fry/to speculate (in real estate etc); to scalp/to hype up/to sack; to fire (sb)"
"疾","疾","jí","ji2","5","Level 5","(bound form) disease; ailment/(bound form) swift/(literary) to hate; to abhor"
"偏","偏","piān","pian1","5","Level 5","to lean/to slant/oblique/prejudiced/to deviate from average/to stray from the intended line/stubbornly/contrary to expectations"
"番","番","fān","fan1","5","Level 5","foreign (non-Chinese)/barbarian/classifier for occurrences (of an event, action or speech utterance)/classifier for iterations: times, -fold (as in twofold etc)/classifier for situations: kind, sort"
"杆","杆桿","gān","gan1","5","Level 5","stick/pole/lever/classifier for long objects such as guns"
"扣","釦扣","kòu","kou4","5","Level 5","button"
"踢","踢","tī","ti1","5","Level 5","to kick/to play (e.g. soccer)/(slang) butch (in a lesbian relationship)"
"异","異","yì","yi4","5","Level 5","different/other/hetero-/unusual/strange/surprising/to distinguish/to separate/to discriminate"
"混","混","hùn","hun4","5","Level 5","to mix/to mingle/muddled/to drift along/to muddle along/to pass for/to get along with sb/thoughtless/reckless"
"搭","搭","dā","da1","5","Level 5","to put up/to build (scaffolding)/to hang (clothes on a pole)/to connect/to join/to arrange in pairs/to match/to add/to throw in (resources)/to take (boat, train)"
"氛","氛","fēn","fen1","5","Level 5","miasma/vapor"
"泡","泡","pào","pao4","5","Level 5","bubble; foam/blister/to soak; to steep; to infuse/to dawdle; to loiter/to pick up (a girl)/to get off with (a sexual partner)/classifier for occurrences of an action/classifier for number of infusions"
"田","田","tián","tian2","5","Level 5","field/farm/CL:片[pian4]"
"税","稅","shuì","shui4","5","Level 5","taxes/duties"
"侧","側","cè","ce4","5","Level 5","lean on one side"
"遭","遭","zāo","zao1","5","Level 5","to meet by chance (usually with misfortune)/classifier for events: time, turn, incident"
"谐","諧","xié","xie2","5","Level 5","(bound form) harmonious/(bound form) humorous/(literary) to reach agreement"
"酷","酷","kù","ku4","5","Level 5","ruthless/strong (e.g. of wine)/(loanword) cool/hip"
"滴","滴","dī","di1","5","Level 5","a drop/to drip"
"衡","衡","héng","heng2","5","Level 5","to weigh/weight/measure"
"蒙","蒙矇濛","méng","meng2","5","Level 5","to cover/ignorant/to suffer (misfortune)/to receive (a favor)/to cheat"
"孤","孤","gū","gu1","5","Level 5","lone/lonely"
"挖","挖","wā","wa1","5","Level 5","to dig/to excavate/to scoop out"
"障","障","zhàng","zhang4","5","Level 5","to block/to hinder/to obstruct"
"档","檔","dàng","dang4","5","Level 5","official records/grade (of goods)/file/records/shelves/slot/gap/crosspiece/classifier for crosspieces/classifier for events, affairs etc/Taiwan pr. [dang3]"
"盟","盟","méng","meng2","5","Level 5","oath/pledge/union/to ally/league, a subdivision corresponding to prefecture in Inner Mongolia"
"陷","陷","xiàn","xian4","5","Level 5","pitfall/trap/to get stuck/to sink/to cave in/to frame (false charge)/to capture (a city in battle)/to fall (to the enemy)/defect"
"屏","屏","píng","ping2","5","Level 5","(standing) screen"
"践","踐","jiàn","jian4","5","Level 5","to fulfill (a promise)/to tread/to walk"
"拨","撥","bō","bo1","5","Level 5","to push aside with the hand, foot, a stick etc/to dial/to allocate/to set aside (money)/to poke (the fire)/to pluck (a string instrument)/to turn round/classifier: group, batch"
"暴","暴","bào","bao4","5","Level 5","sudden/violent/cruel/to show or expose/to injure"
"蹈","蹈","dǎo","dao3","5","Level 5","to tread on/to trample/to stamp/to fulfill/Taiwan pr. [dao4]"
"佛","髴佛彿","fú","fu2","5","Level 5","Buddha"
"跌","跌","diē","die1","5","Level 5","to fall/to tumble/to trip/(of prices etc) to drop/Taiwan pr. [die2]"
"慧","慧","huì","hui4","5","Level 5","intelligent"
"井","井","jǐng","jing3","5","Level 5","a well/CL:口[kou3]/neat/orderly"
"箭","箭","jiàn","jian4","5","Level 5","arrow/CL:支[zhi1]"
"症","癥症","zhèng","zheng4","5","Level 5","abdominal tumor/bowel obstruction/(fig.) sticking point"
"宫","宮","gōng","gong1","5","Level 5","palace/temple/castration (as corporal punishment)/first note in pentatonic scale"
"踩","踩","cǎi","cai3","5","Level 5","to step on/to tread/to stamp/to press a pedal/to pedal (a bike)/(online) to downvote"
"灵","靈","líng","ling2","5","Level 5","quick/alert/efficacious/effective/to come true/spirit/departed soul/coffin"
"扎","扎紮","zhā","zha1","5","Level 5","(of troops) to be stationed (at)/Taiwan pr. [zha2]"
"野","壄野","yě","ye3","5","Level 5","field/plain/open space/limit/boundary/rude/feral"
"趟","趟","tàng","tang4","5","Level 5","classifier for times, round trips or rows/a time/a trip"
"牺","犧","xī","xi1","5","Level 5","sacrifice"
"牲","牲","shēng","sheng1","5","Level 5","domestic animal/sacrificial animal"
"驻","駐","zhù","zhu4","5","Level 5","to halt/to stay/to be stationed (of troops, diplomats etc)"
"械","械","xiè","xie4","5","Level 5","appliance/tool/weapon/shackles/also pr. [jie4]"
"埋","埋","mái","mai2","5","Level 5","to bury/to hide; to conceal"
"铺","鋪","pù","pu4","5","Level 5","plank bed/place to sleep/shop/store/(old) relay station"
"猛","猛","měng","meng3","5","Level 5","ferocious/fierce/violent/brave/suddenly/abrupt/(slang) awesome"
"愉","愉","yú","yu2","5","Level 5","pleased"
"宅","宅","zhái","zhai2","5","Level 5","residence/(coll.) to stay in at home/to hang around at home"
"帝","帝","dì","di4","5","Level 5","emperor"
"宗","宗","zōng","zong1","5","Level 5","school/sect/purpose/model/ancestor/clan/to take as one's model (in academic or artistic work)/classifier for batches, items, cases (medical or legal), reservoirs"
"探","探","tàn","tan4","5","Level 5","to explore/to search out/to scout/to visit/to stretch forward"
"赌","賭","dǔ","du3","5","Level 5","to bet; to gamble"
"煮","煮","zhǔ","zhu3","5","Level 5","to cook/to boil"
"讯","訊","xùn","xun4","5","Level 5","to question/to ask/to interrogate/rapid/speedy/fast/news/information"
"祖","祖","zǔ","zu3","5","Level 5","ancestor/forefather/grandparents"
"骄","驕","jiāo","jiao1","5","Level 5","proud/arrogant"
"傲","傲","ào","ao4","5","Level 5","proud/arrogant/to despise/unyielding/to defy"
"撑","撐","chēng","cheng1","5","Level 5","to support/to prop up/to push or move with a pole/to maintain/to open or unfurl/to fill to bursting point/brace/stay/support"
"厕","廁","cè","ce4","5","Level 5","used in 茅~[mao2 si5]"
"哇","哇","wa","wa","5","Level 5","replaces 啊[a5] when following the vowel ""u"" or ""ao"""
"愤","憤","fèn","fen4","5","Level 5","indignant/anger/resentment"
"怒","怒","nù","nu4","5","Level 5","anger/fury/flourishing/vigorous"
"渠","渠","qú","qu2","5","Level 5","big/stream or canal/drain/ditch/CL:條|条[tiao2]/him (dialect)/outer rim of a carriage wheel (old)"
"诸","諸","zhū","zhu1","5","Level 5","all/various"
"跨","跨","kuà","kua4","5","Level 5","to step across/to stride over/to straddle/to span"
"歉","歉","qiàn","qian4","5","Level 5","to apologize/to regret/deficient"
"焦","焦","jiāo","jiao1","5","Level 5","burnt/scorched/charred/worried/anxious/coke/joule (abbr. for 焦耳[jiao1 er3])"
"岗","崗","gǎng","gang3","5","Level 5","(bound form) hillock; mound/sentry post; policeman's beat/(bound form) job; post"
"径","徑","jìng","jing4","5","Level 5","footpath/track/diameter/straight/directly"
"晕","暈","yūn","yun1","5","Level 5","dizzy/halo/ring around moon or sun"
"液","液","yè","ye4","5","Level 5","liquid/fluid/Taiwan pr. [yi4]"
"踏","踏","tà","ta4","5","Level 5","to tread/to stamp/to step on/to press a pedal/to investigate on the spot"
"蹲","蹲","dūn","dun1","5","Level 5","to crouch/to squat/to stay (somewhere)"
"胞","胞","bāo","bao1","5","Level 5","placenta/womb/born of the same parents"
"袖","袖","xiù","xiu4","5","Level 5","sleeve/to tuck inside one's sleeve"
"牵","牽","qiān","qian1","5","Level 5","to lead along/to pull (an animal on a tether)/(bound form) to involve/to draw in"
"抵","抵","dǐ","di3","5","Level 5","to press against/to support/to prop up/to resist/to equal/to balance/to make up for/to mortgage/to arrive at/to clap (one's hands) lightly (expressing delight) (Taiwan pr. [zhi3] for this sense)"
"倾","傾","qīng","qing1","5","Level 5","to overturn/to collapse/to lean/to tend/to incline/to pour out"
"钻","鑽","zuān","zuan1","5","Level 5","an auger/diamond"
"洋","洋","yáng","yang2","5","Level 5","ocean/vast/foreign/silver dollar or coin"
"嘉","嘉","jiā","jia1","5","Level 5","excellent/auspicious/to praise/to commend"
"跃","躍","yuè","yue4","5","Level 5","to jump/to leap"
"潜","潛","qián","qian2","5","Level 5","hidden/secret/latent/to hide/to conceal/to submerge/to dive"
"幻","幻","huàn","huan4","5","Level 5","fantasy"
"爽","爽","shuǎng","shuang3","5","Level 5","bright/clear/crisp/open/frank/straightforward/to feel well/fine/pleasurable/invigorating/to deviate"
"贫","貧","pín","pin2","5","Level 5","poor/inadequate/deficient/garrulous"
"奏","奏","zòu","zou4","5","Level 5","to play music/to achieve/to present a memorial to the emperor (old)"
"额","額","é","e2","5","Level 5","forehead/horizontal tablet or inscribed board/specified number or amount"
"毁","毀","huǐ","hui3","5","Level 5","to destroy/to defame/to slander"
"横","橫","héng","heng2","5","Level 5","harsh and unreasonable/unexpected"
"夺","奪","duó","duo2","5","Level 5","to seize/to take away forcibly/to wrest control of/to compete or strive for/to force one's way through/to leave out/to lose"
"账","賬","zhàng","zhang4","5","Level 5","account/bill/debt/CL:本[ben3],筆|笔[bi3]"
"扑","撲","pū","pu1","5","Level 5","to throw oneself at/to pounce on/to devote one's energies/to flap/to flutter/to dab/to pat/to bend over"
"援","援","yuán","yuan2","5","Level 5","to help/to assist/to aid"
"浮","浮","fú","fu2","5","Level 5","to float/superficial/floating/unstable/movable/provisional/temporary/transient/impetuous/hollow/inflated/to exceed/superfluous/excessive/surplus"
"刮","颳刮","guā","gua1","5","Level 5","to blow (of the wind)"
"循","循","xún","xun2","5","Level 5","to follow/to adhere to/to abide by"
"谅","諒","liàng","liang4","5","Level 5","to show understanding/to excuse/to presume/to expect"
"隐","隱","yǐn","yin3","5","Level 5","to lean upon"
"哲","喆哲","zhé","zhe2","5","Level 5","wise/a sage"
"捡","撿","jiǎn","jian3","5","Level 5","to pick up; to collect; to gather"
"诞","誕","dàn","dan4","5","Level 5","birth/birthday/brag/boast/to increase"
"抗","抗","kàng","kang4","5","Level 5","to resist/to fight/to defy/anti-"
"挨","挨","āi","ai1","5","Level 5","to suffer; to endure/to pull through (hard times)/to delay; to stall; to play for time; to dawdle"
"轨","軌","guǐ","gui3","5","Level 5","(bound form) rail; track; course; path"
"皇","皇","huáng","huang2","5","Level 5","emperor"
"吊","弔吊","diào","diao4","5","Level 5","to hang/a string of 100 cash (arch.)/to lament/to condole with"
"串","串","chuàn","chuan4","5","Level 5","to string together/to skewer/to connect wrongly/to gang up/to rove/string/bunch/skewer/classifier for things that are strung together, or in a bunch, or in a row: string of, bunch of, series of/to make a swift or abrupt linear movement (like a bead on an abacus)/to move across"
"审","審","shěn","shen3","5","Level 5","to examine/to investigate/carefully/to try (in court)"
"添","添","tiān","tian1","5","Level 5","to add; to increase; to replenish"
"捐","捐","juān","juan1","5","Level 5","to relinquish; to abandon/to contribute; to donate/(bound form) tax; levy"
"娃","娃","wá","wa2","5","Level 5","baby/doll"
"侵","侵","qīn","qin1","5","Level 5","to invade/to encroach/to infringe/to approach"
"膜","膜","mó","mo2","5","Level 5","membrane/film"
"仰","仰","yǎng","yang3","5","Level 5","to face upward/to look up/to admire/to rely on"
"泥","泥","ní","ni2","5","Level 5","restrained"
"圣","聖","shèng","sheng4","5","Level 5","holy/sacred/saint/sage"
"缘","緣","yuán","yuan2","5","Level 5","cause/reason/karma/fate/predestined affinity/margin/hem/edge/along"
"凶","兇凶","xiōng","xiong1","5","Level 5","vicious/fierce/ominous/inauspicious/famine"
"灭","滅","miè","mie4","5","Level 5","to extinguish or put out/to go out (of a fire etc)/to exterminate or wipe out/to drown"
"扁","扁","biǎn","bian3","5","Level 5","small boat"
"洁","潔","jié","jie2","5","Level 5","clean"
"惨","慘","cǎn","can3","5","Level 5","miserable/wretched/cruel/inhuman/disastrous/tragic/dim/gloomy"
"聘","聘","pìn","pin4","5","Level 5","to engage (a teacher etc)/to hire/to betroth/betrothal gift/to get married (of woman)"
"磨","磨","mó","mo2","5","Level 5","grindstone/to grind/to turn round"
"宠","寵","chǒng","chong3","5","Level 5","to love/to pamper/to spoil/to favor"
"狠","狠","hěn","hen3","5","Level 5","ruthless/fierce/ferocious/determined/to harden (one's heart)/old variant of 很[hen3]"
"棉","棉","mián","mian2","5","Level 5","generic term for cotton or kapok/cotton/padded or quilted with cotton"
"残","殘","cán","can2","5","Level 5","to destroy/to spoil/to ruin/to injure/cruel/oppressive/savage/brutal/incomplete/disabled/to remain/to survive/remnant/surplus"
"嫌","嫌","xián","xian2","5","Level 5","to dislike/suspicion/resentment/enmity"
"罢","罷","bà","ba4","5","Level 5","to cease/to finish/to stop/(final particle, same as 吧)"
"裂","裂","liè","lie4","5","Level 5","to split/to crack/to break open/to rend"
"峰","峰","fēng","feng1","5","Level 5","(of a mountain) high and tapered peak or summit/mountain-like in appearance/highest level/classifier for camels"
"丧","喪","sàng","sang4","5","Level 5","to lose sth abstract but important (courage, authority, one's life etc)/to be bereaved of (one's spouse etc)/to die/disappointed/discouraged"
"债","債","zhài","zhai4","5","Level 5","debt/CL:筆|笔[bi3]"
"奉","奉","fèng","feng4","5","Level 5","to offer (tribute)/to present respectfully (to superior, ancestor, deity etc)/to esteem/to revere/to believe in (a religion)/to wait upon/to accept orders (from superior)"
"仓","倉","cāng","cang1","5","Level 5","barn/granary/storehouse/cabin/hold (in ship)"
"肺","肺","fèi","fei4","5","Level 5","lung/CL:個|个[ge4]"
"忧","憂","yōu","you1","5","Level 5","to worry/to concern oneself with/worried/anxiety/sorrow/(literary) to observe mourning"
"纠","糾","jiū","jiu1","5","Level 5","to gather together/to investigate/to entangle/to correct"
"尖","尖","jiān","jian1","5","Level 5","pointed; tapering; sharp/(of a sound) shrill; piercing/(of one's hearing, sight etc) sharp; acute; keen/to make (one's voice) shrill/sharp point; tip/the best of sth; the cream of the crop"
"肝","肝","gān","gan1","5","Level 5","liver/CL:葉|叶[ye4],個|个[ge4]/(slang) to put in long hours, typically late into the night, playing (a video game)/(of a video game) involving a lot of repetition in order to progress; grindy"
"港","港","gǎng","gang3","5","Level 5","harbor/port/CL:個|个[ge4]"
"酱","醬","jiàng","jiang4","5","Level 5","thick paste of fermented soybean/marinated in soy paste/paste/jam"
"耗","耗","hào","hao4","5","Level 5","to waste/to spend/to consume/to squander/news/(coll.) to delay/to dilly-dally"
"肿","腫","zhǒng","zhong3","5","Level 5","to swell/swelling/swollen"
"波","波","bō","bo1","5","Level 5","wave/ripple/storm/surge"
"跪","跪","guì","gui4","5","Level 5","to kneel"
"崇","崇","chóng","chong2","5","Level 5","high/sublime/lofty/to esteem/to worship"
"寺","寺","sì","si4","5","Level 5","Buddhist temple/mosque/government office (old)"
"恰","恰","qià","qia4","5","Level 5","exactly/just"
"庄","莊","zhuāng","zhuang1","5","Level 5","farmstead/village/manor/place of business/banker (in a gambling game)/grave or solemn/holdings of a landlord (in imperial China)"
"扭","扭","niǔ","niu3","5","Level 5","to turn/to twist/to wring/to sprain/to swing one's hips"
"墓","墓","mù","mu4","5","Level 5","grave/tomb/mausoleum"
"欺","欺","qī","qi1","5","Level 5","to take unfair advantage of/to deceive/to cheat"
"渡","渡","dù","du4","5","Level 5","to cross/to pass through/to ferry"
"旋","旋","xuán","xuan2","5","Level 5","to whirl/immediately"
"贯","貫","guàn","guan4","5","Level 5","to pierce through/to pass through/to be stringed together/string of 1000 cash"
"枝","枝","zhī","zhi1","5","Level 5","branch/classifier for sticks, rods, pencils etc"
"谋","謀","móu","mou2","5","Level 5","to plan/to seek/scheme"
"栏","欄","lán","lan2","5","Level 5","fence/railing/hurdle/column or box (of text or other data)"
"粥","粥","zhōu","zhou1","5","Level 5","congee/gruel/porridge/CL:碗[wan3]"
"晓","曉","xiǎo","xiao3","5","Level 5","dawn/daybreak/to know/to let sb know/to make explicit"
"捉","捉","zhuō","zhuo1","5","Level 5","to clutch/to grab/to capture"
"巩","鞏","gǒng","gong3","5","Level 5","secure/solid"
"傍","傍","bàng","bang4","5","Level 5","near/approaching/to depend on/(slang) to have an intimate relationship with sb/Taiwan pr. [pang2], [bang1], [bang4]"
"截","截","jié","jie2","5","Level 5","to cut off (a length)/to stop/to intercept/section/chunk/length"
"吞","吞","tūn","tun1","5","Level 5","to swallow/to take"
"纵","縱","zòng","zong4","5","Level 5","warp (the vertical threads in weaving)/vertical/longitudinal/north-south (lines of longitude)/lengthwise/to release/to indulge/even if"
"懒","懶","lǎn","lan3","5","Level 5","lazy"
"牢","牢","láo","lao2","5","Level 5","firm/sturdy/fold (for animals)/sacrifice/prison"
"洪","洪","hóng","hong2","5","Level 5","flood/big/great"
"坡","坡","pō","po1","5","Level 5","slope/CL:個|个[ge4]/sloping/slanted"
"悬","懸","xuán","xuan2","5","Level 5","to hang or suspend/to worry/public announcement/unresolved/baseless/without foundation"
"撤","撤","chè","che4","5","Level 5","to remove; to take away"
"菌","菌","jūn","jun1","5","Level 5","mushroom"
"舌","舌","shé","she2","5","Level 5","tongue"
"阔","闊","kuò","kuo4","5","Level 5","rich/wide/broad"
"薪","薪","xīn","xin1","5","Level 5","firewood; fuel/salary"
"迁","遷","qiān","qian1","5","Level 5","to move/to shift/to change (a position or location etc)/to promote"
"壶","壺","hú","hu2","5","Level 5","pot/classifier for bottled liquid"
"麦","麥","mài","mai4","5","Level 5","wheat/barley/oats"
"醋","醋","cù","cu4","5","Level 5","vinegar/jealousy (in love rivalry)"
"绘","繪","huì","hui4","5","Level 5","to draw; to paint/to depict; to portray"
"誉","譽","yù","yu4","5","Level 5","to praise/to acclaim/reputation"
"揭","揭","jiē","jie1","5","Level 5","to take the lid off/to expose/to unmask"
"顽","頑","wán","wan2","5","Level 5","mischievous/obstinate/to play/stupid/stubborn/naughty"
"锋","鋒","fēng","feng1","5","Level 5","point of a spear/edge of a tool/vanguard/forward (in sports team)"
"刊","栞刊","kān","kan1","5","Level 5","to publish/publication/to peel with a knife/to carve/to amend"
"铅","鉛","qiān","qian1","5","Level 5","lead (chemistry)"
"辉","輝","huī","hui1","5","Level 5","splendor/to shine upon"
"盗","盜","dào","dao4","5","Level 5","to steal/to rob/to plunder/thief/bandit/robber"
"储","儲","chǔ","chu3","5","Level 5","(bound form) to store/to save/to have in reserve/heir/Taiwan pr. [chu2]"
"旗","旗旂","qí","qi2","5","Level 5","banner/flag/(in Qing times) Manchu (cf. 八旗[Ba1 qi2])/administrative subdivision in inner Mongolia equivalent to 縣|县[xian4] county/CL:面[mian4]"
"奔","犇奔","bēn","ben1","5","Level 5","to run fast/to flee"
"盼","盼","pàn","pan4","5","Level 5","to hope for/to long for/to expect"
"壮","壯","zhuàng","zhuang4","5","Level 5","to strengthen/strong/robust"
"捕","捕","bǔ","bu3","5","Level 5","to catch; to seize; to capture"
"湾","灣","wān","wan1","5","Level 5","bay/gulf/to cast anchor/to moor (a boat)"
"谦","謙","qiān","qian1","5","Level 5","modest"
"吉","吉","jí","ji2","5","Level 5","lucky/giga- (meaning billion or 10^9)"
"馒","饅","mán","man2","5","Level 5","used in ~头[man2 tou5]"
"氧","氧","yǎng","yang3","5","Level 5","oxygen (chemistry)"
"宇","宇","yǔ","yu3","5","Level 5","room/universe"
"粉","粉","fěn","fen3","5","Level 5","powder/cosmetic face powder/food prepared from starch; noodles or pasta made from any kind of flour/to turn to powder/(dialect) to whitewash/white/pink/(suffix) fan (abbr. for 粉絲|粉丝[fen3 si1])/to be a fan of"
"谷","穀谷","gǔ","gu3","5","Level 5","valley"
"殖","殖","zhí","zhi2","5","Level 5","to grow/to reproduce"
"勺","勺","sháo","shao2","5","Level 5","spoon/ladle/CL:把[ba3]/abbr. for 公勺[gong1 shao2], centiliter (unit of volume)"
"畅","暢","chàng","chang4","5","Level 5","free/unimpeded/smooth/at ease/free from worry/fluent"
"徒","徒","tú","tu2","5","Level 5","disciple; apprentice; believer/on foot/bare; empty/to no avail/only/prison sentence"
"茄","茄","jiā","jia1","5","Level 5","eggplant"
"祥","祥","xiáng","xiang2","5","Level 5","auspicious/propitious"
"盲","盲","máng","mang2","5","Level 5","blind"
"纳","納","nà","na4","5","Level 5","to receive/to accept/to enjoy/to bring into/to pay (tax etc)/nano- (one billionth)/to reinforce sole of shoes or stockings by close sewing"
"柱","柱","zhù","zhu4","5","Level 5","pillar/CL:根[gen1]"
"欲","慾欲","yù","yu4","5","Level 5","to wish for/to desire"
"悟","悟","wù","wu4","5","Level 5","to comprehend/to apprehend/to become aware"
"稿","稿","gǎo","gao3","5","Level 5","manuscript/draft/stalk of grain"
"盛","盛","shèng","sheng4","5","Level 5","flourishing/vigorous/magnificent/extensively"
"耀","耀","yào","yao4","5","Level 5","brilliant/glorious"
"舰","艦","jiàn","jian4","5","Level 5","warship"
"墨","墨","mò","mo4","5","Level 5","ink stick/China ink/CL:塊|块[kuai4]/corporal punishment consisting of tattooing characters on the victim's forehead"
"乌","烏","wū","wu1","5","Level 5","crow/black"
"宏","宏","hóng","hong2","5","Level 5","great/magnificent/macro (computing)/macro-"
"废","廢","fèi","fei4","5","Level 5","disabled"
"铜","銅","tóng","tong2","5","Level 5","copper (chemistry)"
"忠","忠","zhōng","zhong1","5","Level 5","loyal; devoted; faithful"
"旺","旺","wàng","wang4","5","Level 5","prosperous/flourishing/(of flowers) blooming/(of fire) roaring"
"炎","炎","yán","yan2","5","Level 5","flame/inflammation/-itis"
"恩","恩","ēn","en1","5","Level 5","favor/grace/kindness"
"乳","乳","rǔ","ru3","5","Level 5","breast/milk"
"昌","昌","chāng","chang1","5","Level 5","(bound form) prosperous; flourishing"
"哦","哦","ó","o2","5","Level 5","sentence-final particle that conveys informality, warmth, friendliness or intimacy/may also indicate that one is stating a fact that the other person is not aware of"
"荐","薦","jiàn","jian4","5","Level 5","to recommend/to offer sacrifice (arch.)/grass/straw mat"
"罗","羅","luó","luo2","5","Level 5","gauze/to collect/to gather/to catch/to sift"
"丝","絲","sī","si1","5","Level 5","silk/thread/trace/(cuisine) shreds or julienne strips/CL:條|条[tiao2]/classifier: a thread (of cloud, smoke etc), a bit, an iota, a hint (of sth) etc"
"怖","怖","bù","bu4","5","Level 5","terror/terrified/afraid/frightened"
"凌","凌","líng","ling2","5","Level 5","to approach/to rise high/thick ice/to insult or maltreat"
"袭","襲","xí","xi2","5","Level 5","(bound form) to raid; to attack/(bound form) to continue the pattern; to perpetuate/(literary) classifier for suits of clothing or sets of bedding"
"枚","枚","méi","mei2","5","Level 5","classifier for coins, rings, badges, pearls, sporting medals, rockets, satellites etc/tree trunk/whip/wooden peg, used as a gag for marching soldiers (old)"
"魅","魅","mèi","mei4","5","Level 5","demon/magic/to charm"
"砸","砸","zá","za2","5","Level 5","to smash/to pound/to fail/to muck up/to bungle"
"狼","狼","láng","lang2","5","Level 5","wolf/CL:匹[pi3],隻|只[zhi1],條|条[tiao2]"
"丁","丁","dīng","ding1","5","Level 5","male adult/the 4th of the 10 Heavenly Stems 天干[tian1 gan1]/fourth (used like ""4"" or ""D"")/small cube of meat or vegetable/(literary) to encounter/(archaic) ancient Chinese compass point: 195°/(chemistry) butyl"
"盯","盯","dīng","ding1","5","Level 5","to watch attentively/to fix one's attention on/to stare at/to gaze at"
"勒","勒","lēi","lei1","5","Level 5","to strap tightly/to bind"
"尸","屍尸","shī","shi1","5","Level 5","corpse"
"瓦","瓦","wǎ","wa3","5","Level 5","roof tile"
"艘","艘","sōu","sou1","5","Level 5","classifier for ships/Taiwan pr. [sao1]"
"尴","尷","gān","gan1","5","Level 5","used in ~尬[gan1 ga4]"
"尬","尬","gà","ga4","5","Level 5","embarrassing; awkward"
"兼","兼","jiān","jian1","5","Level 5","double/twice/simultaneous/holding two or more (official) posts at the same time"
"魂","魂","hún","hun2","5","Level 5","soul; spirit; immortal soul (that can be detached from the body)"
"皆","皆","jiē","jie1","5","Level 5","all/each and every/in all cases"
"晰","晰皙","xī","xi1","5","Level 5","white"
"嫁","嫁","jià","jia4","5","Level 5","(of a woman) to marry/to marry off a daughter/to shift (blame etc)"
"轿","轎","jiào","jiao4","5","Level 5","sedan chair/palanquin/litter"
"呈","呈","chéng","cheng2","5","Level 5","to present to a superior/memorial/petition/to present (a certain appearance)/to assume (a shape)/to be (a certain color)"
"栋","棟","dòng","dong4","5","Level 5","classifier for houses or buildings/ridgepole (old)"
"瞬","瞬","shùn","shun4","5","Level 5","to wink"
"婴","嬰","yīng","ying1","5","Level 5","infant/baby"
"秩","秩","zhì","zhi4","5","Level 5","order/orderliness/(classifier) ten years"
"讶","訝","yà","ya4","5","Level 5","astounded"
"桶","桶","tǒng","tong3","5","Level 5","bucket/(trash) can/barrel (of oil etc)/CL:個|个[ge4],隻|只[zhi1]"
"淘","淘","táo","tao2","5","Level 5","to wash/to clean out/to cleanse/to eliminate/to dredge"
"汰","汰","tài","tai4","5","Level 5","to discard/to eliminate"
"狱","獄","yù","yu4","5","Level 5","prison"
"砍","砍","kǎn","kan3","5","Level 5","to chop/to cut down/to throw sth at sb"
"柔","柔","róu","rou2","5","Level 5","soft/flexible/supple/yielding/rho (Greek letter Ρρ)"
"孕","孕","yùn","yun4","5","Level 5","pregnant"
"撒","撒","sā","sa1","5","Level 5","to scatter/to sprinkle/to spill"
"墅","墅","shù","shu4","5","Level 5","villa"
"踪","蹤","zōng","zong1","5","Level 5","(bound form) footprint; trace; tracks"
"钥","鑰","yào","yao4","5","Level 5","key/also pr. [yao4]"
"匙","匙","shi","shi","5","Level 5","used in 钥~[yao4 shi5]"
"劫","劫","jié","jie2","5","Level 5","to rob/to plunder/to seize by force/to coerce/calamity/abbr. for kalpa 劫波[jie2 bo1]"
"脖","脖","bó","bo2","5","Level 5","neck"
"惧","懼","jù","ju4","5","Level 5","to fear"
"董","董","dǒng","dong3","5","Level 5","to supervise/to direct/director"
"陌","陌","mò","mo4","5","Level 5","raised path/street"
"拳","拳","quán","quan2","5","Level 5","fist/boxing"
"讼","訟","sòng","song4","5","Level 5","litigation"
"绑","綁","bǎng","bang3","5","Level 5","to tie/bind or fasten together/to kidnap"
"抛","拋","pāo","pao1","5","Level 5","to throw/to toss/to fling/to cast/to abandon"
"耍","耍","shuǎ","shua3","5","Level 5","to play with/to wield/to act (cool etc)/to display (a skill, one's temper etc)"
"署","署","shǔ","shu3","5","Level 5","office/bureau/(Taiwan pr. [shu4]) to sign/to arrange"
"玫","玫","méi","mei2","5","Level 5","(fine jade)/used in ~瑰[mei2 gui1]"
"涯","涯","yá","ya2","5","Level 5","border/horizon/shore"
"寂","寂","jì","ji4","5","Level 5","silent/solitary/Taiwan pr. [ji2]"
"寞","寞","mò","mo4","5","Level 5","lonesome"
"携","攜","xié","xie2","5","Level 5","to carry/to take along/to bring along/to hold (hands)/also pr. [xi1]"
"剂","劑","jì","ji4","5","Level 5","dose (medicine)"
"惹","惹","rě","re3","5","Level 5","to provoke/to irritate/to vex/to stir up/to anger/to attract (troubles)/to cause (problems)"
"贼","賊","zéi","zei2","5","Level 5","thief/traitor/wily/deceitful/evil/extremely"
"唉","唉","āi","ai1","5","Level 5","alas/oh dear"
"厦","廈","shà","sha4","5","Level 5","tall building/mansion/rear annex/lean-to/also pr. [xia4]"
"蛮","蠻","mán","man2","5","Level 5","barbarian/bullying/very/quite/rough/reckless"
"诱","誘","yòu","you4","5","Level 5","(literary) to induce; to entice"
"惑","惑","huò","huo4","5","Level 5","to confuse/to be puzzled"
"哎","哎","āi","ai1","5","Level 5","hey!/(interjection used to attract attention or to express surprise or disapprobation)"
"逮","逮","dǎi","dai3","5","Level 5","(literary) to arrest/to seize/to overtake/until"
"邦","邦","bāng","bang1","5","Level 5","(bound form) country; nation; state"
"娶","娶","qǔ","qu3","5","Level 5","to take a wife/to marry (a woman)"
"镑","鎊","bàng","bang4","5","Level 5","pound (sterling) (loanword)"
"尿","尿","niào","niao4","5","Level 5","(coll.) urine"
"粒","粒","lì","li4","5","Level 5","grain/granule/classifier for small round things (peas, bullets, peanuts, pills, grains etc)"
"宪","憲","xiàn","xian4","5","Level 5","statute/constitution"
"扯","扯","chě","che3","5","Level 5","to pull/to tear"
"雾","霧","wù","wu4","5","Level 5","fog/mist/CL:場|场[chang2],陣|阵[zhen4]"
"谨","謹","jǐn","jin3","5","Level 5","cautious/careful/solemnly/sincerely (formal)"
"甩","甩","shuǎi","shuai3","5","Level 5","to throw/to fling/to swing/to leave behind/to throw off/to dump (sb)"
"恼","惱","nǎo","nao3","5","Level 5","to get angry"
"痕","痕","hén","hen2","5","Level 5","scar/traces"
"雅","雅","yǎ","ya3","5","Level 5","elegant"
"羡","羨","xiàn","xian4","5","Level 5","to envy"
"慕","慕","mù","mu4","5","Level 5","to admire"
"飘","飄","piāo","piao1","5","Level 5","to float (in the air); to flutter; to waft/complacent; frivolous/weak; shaky; wobbly"
"戚","戚","qī","qi1","5","Level 5","relatives; kin/grief; sorrow/battle-axe"
"慈","慈","cí","ci2","5","Level 5","compassionate/gentle/merciful/kind/humane"
"宙","宙","zhòu","zhou4","5","Level 5","eternity/(geology) eon"
"兹","茲","zī","zi1","5","Level 5","now/here/this/time/year"
"抹","抹","mǒ","mo3","5","Level 5","to plaster/to go around/to skirt"
"芯","芯","xīn","xin1","5","Level 5","lamp wick"
"曝","曝","pù","pu4","5","Level 5","to air/to sun"
"拟","儗擬","nǐ","ni3","5","Level 5","to plan to/to draft (a plan)/to imitate/to assess/to compare/pseudo-"
"幢","幢","chuáng","chuang2","5","Level 5","classifier for buildings/carriage curtain (old)"
"哼","哼","hēng","heng1","5","Level 5","to groan/to snort/to hum/to croon/humph!"
"惩","懲","chéng","cheng2","5","Level 5","to punish/to reprimand/to warn"
"弥","瀰彌","mí","mi2","5","Level 5","brimming or overflowing"
"抑","抑","yì","yi4","5","Level 5","to restrain/to restrict/to keep down/or"
"粘","粘","zhān","zhan1","5","Level 5","to glue/to paste/to adhere/to stick to"
"祸","禍","huò","huo4","5","Level 5","disaster/misfortune/calamity"
"窝","窩","wō","wo1","5","Level 5","nest/pit or hollow on the human body/lair/den/place/to harbor or shelter/to hold in check/to bend/classifier for litters and broods"
"晃","晃","huǎng","huang3","5","Level 5","to sway/to shake/to wander about"
"粹","粹","cuì","cui4","5","Level 5","pure/unmixed/essence"
"夸","誇","kuā","kua1","5","Level 5","to boast; to exaggerate/to praise"
"姿","姿","zī","zi1","5","Level 5","beauty/disposition/looks/appearance"
"鹰","鷹","yīng","ying1","5","Level 5","eagle/falcon/hawk"
"颁","頒","bān","ban1","5","Level 5","to promulgate/to send out/to issue/to grant or confer"
"浑","渾","hún","hun2","5","Level 5","muddy/to mix"
"虾","蝦","xiā","xia1","5","Level 5","shrimp/prawn"
"胎","胎","tāi","tai1","5","Level 5","fetus/classifier for litters (of puppies etc)/padding (in clothing or bedding)/womb carrying a fetus/(fig.) origin/source/(loanword) tire"
"缝","縫","fèng","feng4","5","Level 5","seam/crack/narrow slit/CL:道[dao4]"
"瞎","瞎","xiā","xia1","5","Level 5","blind/groundlessly/foolishly/to no purpose"
"廊","廊","láng","lang2","5","Level 5","corridor/veranda/porch"
"胳","胳","gē","ge1","5","Level 5","armpit"
"膊","膊","bó","bo2","5","Level 5","shoulder/upper arm"
"绎","繹","yì","yi4","5","Level 5","continuous/to interpret/to unravel/to draw silk (old)"
"蜜","蜜","mì","mi4","5","Level 5","honey"
"拯","拯","zhěng","zheng3","5","Level 5","to raise/to aid/to support/to save/to rescue"
"齿","齒","chǐ","chi3","5","Level 5","tooth/CL:顆|颗[ke1]"
"桩","樁","zhuāng","zhuang1","5","Level 5","stump/stake/pile/classifier for items"
"撼","撼","hàn","han4","5","Level 5","to shake/to vibrate"
"狮","獅","shī","shi1","5","Level 5","lion"
"臂","臂","bì","bi4","5","Level 5","arm"
"擎","擎","qíng","qing2","5","Level 5","to raise (hand)"
"嘿","嘿","hēi","hei1","5","Level 5","hey"
"鹿","鹿","lù","lu4","5","Level 5","deer"
"催","催","cuī","cui1","5","Level 5","to urge/to press/to prompt/to rush sb/to hasten sth/to expedite"
"氓","氓","máng","mang2","5","Level 5","common people"
"崩","崩","bēng","beng1","5","Level 5","to collapse/to fall into ruins/death of king or emperor/demise"
"溃","潰","kuì","kui4","5","Level 5","(bound form) (of floodwaters) to break through a dam or dike/(bound form) to break through (a military encirclement)/(bound form) to be routed; to be overrun; to fall to pieces/(bound form) to fester; to ulcerate"
"趴","趴","pā","pa1","5","Level 5","to lie on one's stomach/to lean forward, resting one's upper body (on a desktop etc)/(Tw) percent"
"凑","湊","còu","cou4","5","Level 5","to gather together, pool or collect/to happen by chance/to move close to/to exploit an opportunity"
"邪","邪","xié","xie2","5","Level 5","demonic/iniquitous/nefarious/evil/unhealthy influences that cause disease (Chinese medicine)/(coll.) strange/abnormal"
"凤","鳳","fèng","feng4","5","Level 5","phoenix"
"凰","凰","huáng","huang2","5","Level 5","phoenix"
"姆","姆","mǔ","mu3","5","Level 5","woman who looks after small children/(old) female tutor"
"乖","乖","guāi","guai1","5","Level 5","(of a child) obedient, well-behaved/clever/shrewd/alert/perverse/contrary to reason/irregular/abnormal"
"灌","灌","guàn","guan4","5","Level 5","to irrigate/to pour/to install (software)/to record (music)"
"割","割","gē","ge1","5","Level 5","to cut/to cut apart"
"隧","隧","suì","sui4","5","Level 5","tunnel/underground passage"
"筹","籌","chóu","chou2","5","Level 5","chip (in gambling); token (for counting); ticket/to prepare; to plan; to raise (funds)/resource; way; means"
"滋","滋","zī","zi1","5","Level 5","to grow/to nourish/to increase/to cause/juice/taste/(dialect) to spout/to spurt"
"拦","攔","lán","lan2","5","Level 5","to block sb's path/to obstruct/to flag down (a taxi)"
"吼","吼","hǒu","hou3","5","Level 5","to roar/to howl/to shriek/roar or howl of an animal/bellow of rage"
"掘","掘","jué","jue2","5","Level 5","to dig"
"赋","賦","fù","fu4","5","Level 5","poetic essay/taxation/to bestow on/to endow with"
"钩","鉤","gōu","gou1","5","Level 5","to hook/to sew/to crochet/hook/check mark or tick/window catch"
"熬","熬","áo","ao2","5","Level 5","to cook on a slow fire; to extract by heating; to decoct/to endure"
"闷","悶","mèn","men4","5","Level 5","bored/depressed/melancholy/sealed/airtight/tightly closed"
"缠","纏","chán","chan2","5","Level 5","to wind around/to wrap round/to coil/tangle/to involve/to bother/to annoy"
"爹","爹","diē","die1","5","Level 5","dad"
"侣","侶","lǚ","lv3","5","Level 5","companion"
"隆","隆","lóng","long2","5","Level 5","grand/intense/prosperous/to swell/to bulge"
"肾","腎","shèn","shen4","5","Level 5","kidney"
"逗","逗","dòu","dou4","5","Level 5","to tease (playfully); to entice/(coll.) to joke/(coll.) funny; amusing/to stay; to sojourn"
"遥","遙","yáo","yao2","5","Level 5","(bound form) distant; remote; far away"
"御","禦御","yù","yu4","5","Level 5","(bound form) to defend; to resist"
"辐","輻","fú","fu2","5","Level 5","spoke of a wheel"
"姜","薑","jiāng","jiang1","5","Level 5","ginger"
"惕","惕","tì","ti4","5","Level 5","fearful/respectful"
"辜","辜","gū","gu1","5","Level 5","crime/sin"
"擅","擅","shàn","shan4","5","Level 5","without authority/to usurp/to arrogate to oneself/to monopolize/expert in/to be good at"
"勉","勉","miǎn","mian3","5","Level 5","to exhort/to make an effort"
"删","刪","shān","shan1","5","Level 5","to delete"
"烫","燙","tàng","tang4","5","Level 5","to scald/to burn (by scalding)/to blanch (cooking)/to heat (sth) up in hot water/to perm/to iron/scalding hot"
"癌","癌","ái","ai2","5","Level 5","cancer/carcinoma/also pr. [yan2]"
"矩","矩","jǔ","ju3","5","Level 5","carpenter's square/rule/regulation/pattern/to carve"
"沾","沾","zhān","zhan1","5","Level 5","to moisten"
"祈","祈","qí","qi2","5","Level 5","to implore/to pray/to request"
"祷","禱","dǎo","dao3","5","Level 5","prayer/pray/supplication"
"钉","釘","dīng","ding1","5","Level 5","to join things together by fixing them in place at one or more points/to nail/to pin/to staple/to sew on"
"陈","陳","chén","chen2","5","Level 5","to lay out; to exhibit; to display/to narrate; to state; to explain; to tell/old; stale"
"垫","墊","diàn","dian4","5","Level 5","pad/cushion/mat/to pad out/to fill a gap/to pay for sb/to advance (money)"
"抖","抖","dǒu","dou3","5","Level 5","to tremble/to shake out/to reveal/to make it in the world"
"窃","竊","qiè","qie4","5","Level 5","to steal/secretly/(humble) I"
"歪","歪","wāi","wai1","5","Level 5","to sprain (one's ankle) (Tw)"
"脂","脂","zhī","zhi1","5","Level 5","fat/rouge (cosmetics)/resin"
"肪","肪","fáng","fang2","5","Level 5","animal fat"
"勾","勾","gōu","gou1","5","Level 5","to bend; to crook/to draw/to mark"
"晶","晶","jīng","jing1","5","Level 5","crystal"
"捞","撈","lāo","lao1","5","Level 5","to fish up/to dredge up"
"谎","謊","huǎng","huang3","5","Level 5","lies/to lie"
"溜","溜","liū","liu1","5","Level 5","to slide/to sneak off"
"宰","宰","zǎi","zai3","5","Level 5","to slaughter; to butcher; to kill (animals etc)/(coll.) to fleece; to rip off; to overcharge/(bound form) to govern; to rule/(bound form) (a title for certain government officials in ancient China)"
"谜","謎","mí","mi2","5","Level 5","riddle"
"磅","磅","bàng","bang4","5","Level 5","pound (unit of mass)/to weigh"
"谍","諜","dié","die2","5","Level 5","to spy"
"恭","恭","gōng","gong1","5","Level 5","respectful"
"歧","歧","qí","qi2","5","Level 5","divergent/side road"
"魔","魔","mó","mo2","5","Level 5","(bound form) evil spirit; devil/(prefix) supernatural; magical"
"滩","灘","tān","tan1","5","Level 5","beach/shoal/rapids/CL:片[pian4]/classifier for liquids: pool, puddle"
"哀","哀","āi","ai1","5","Level 5","sorrow; grief; pity/to grieve for; to pity; to lament; to condole"
"嫉","嫉","jí","ji2","5","Level 5","jealousy/to be jealous of"
"翘","翹","qiào","qiao4","5","Level 5","to stick up/to rise on one end/to tilt"
"舱","艙","cāng","cang1","5","Level 5","cabin/the hold of a ship or airplane"
"拽","拽","zhuāi","zhuai1","5","Level 5","to pull/to tug at (sth)"
"爵","爵","jué","jue2","5","Level 5","ancient bronze wine holder with 3 legs and loop handle/nobility"
"毯","毯","tǎn","tan3","5","Level 5","blanket/rug"
"掩","掩","yǎn","yan3","5","Level 5","to cover up; to conceal/to close (a door, book etc)/(coll.) to get (one's fingers etc) caught when closing a door or lid/(literary) to launch a surprise attack"
"撕","撕","sī","si1","5","Level 5","to tear"
"摧","摧","cuī","cui1","5","Level 5","to break/to destroy/to devastate/to ravage/to repress"
"罩","罩","zhào","zhao4","5","Level 5","to cover; to spread over/a cover; a shade; a hood/bamboo fish trap/bamboo chicken coop/(Tw) (coll.) to protect; to have sb's back/(Tw) (coll.) awesome; incredible/(Tw) (coll.) (often as 罩得住[zhao4 de2 zhu4]) to have things under control; to be able to handle it"
"瞒","瞞","mán","man2","5","Level 5","to conceal from/to keep (sb) in the dark"
"捅","捅","tǒng","tong3","5","Level 5","to stab/to poke/to prod/to nudge/to disclose"
"阱","阱","jǐng","jing3","5","Level 5","pitfall/trap"
"贿","賄","huì","hui4","5","Level 5","(bound form) bribery"
"赂","賂","lù","lu4","5","Level 5","bribe/bribery"
"祭","祭","jì","ji4","5","Level 5","to offer a sacrifice to (gods or ancestors)/memorial ceremony/(in classical novels) to recite an incantation to activate a magic weapon/(lit. and fig.) to wield"
"搅","攪","jiǎo","jiao3","5","Level 5","to disturb/to annoy/to mix/to stir"
"芒","芒","máng","mang2","5","Level 5","awn (of cereals)/arista (of grain)/tip (of a blade)/Miscanthus sinensis (type of grass)"
"膝","膝","xī","xi1","5","Level 5","knee"
"誓","誓","shì","shi4","5","Level 5","oath/vow/to swear/to pledge"
"纤","縴纖","xiān","xian1","5","Level 5","fine/delicate/minute"
"拘","拘","jū","ju1","5","Level 5","to capture/to restrain/to constrain/to adhere rigidly to/inflexible"
"泣","泣","qì","qi4","5","Level 5","to sob"
"喘","喘","chuǎn","chuan3","5","Level 5","to gasp/to pant/asthma"
"哄","哄鬨","hǒng","hong3","5","Level 5","tumult/uproar/commotion/disturbance"
"骚","騷","sāo","sao1","5","Level 5","(bound form) to disturb; to disrupt/flirty; coquettish/(literary) literary writings; poetry/(dialect) (of certain domestic animals) male"
"沮","沮","jǔ","ju3","5","Level 5","to destroy/to stop"
"翅","翅","chì","chi4","5","Level 5","wing (of a bird or insect) (bound form)"
"贱","賤","jiàn","jian4","5","Level 5","inexpensive/lowly/despicable/(bound form) (humble) my"
"睁","睜","zhēng","zheng1","5","Level 5","to open (one's eyes)"
"瞄","瞄","miáo","miao2","5","Level 5","to take aim/(fig.) to aim one's looks at/to glance at"
"叛","叛","pàn","pan4","5","Level 5","to betray/to rebel/to revolt"
"雇","雇","gù","gu4","5","Level 5","to employ/to hire/to rent"
"漆","漆","qī","qi1","5","Level 5","paint/lacquer/CL:道[dao4]/to paint (furniture, walls etc)"
"刹","剎","shā","sha1","5","Level 5","to brake"
"戳","戳","chuō","chuo1","5","Level 5","to jab/to poke/to stab/(coll.) to sprain/to blunt/to fuck (vulgar)/to stand/to stand (sth) upright/stamp/seal"
"讽","諷","fěng","feng3","5","Level 5","to satirize/to mock/to recite/Taiwan pr. [feng4]"
"嘲","嘲","cháo","chao2","5","Level 5","to ridicule; to deride"
"浴","浴","yù","yu4","5","Level 5","bath/to bathe"
"侮","侮","wǔ","wu3","5","Level 5","to insult/to ridicule/to disgrace"
"辱","辱","rǔ","ru3","5","Level 5","disgrace/dishonor/to insult/to bring disgrace or humiliation to/to be indebted to/self-deprecating/Taiwan pr. [ru4]"
"剥","剝","bō","bo1","5","Level 5","to peel/to skin/to flay/to shuck"
"愚","愚","yú","yu2","5","Level 5","to be stupid/to cheat or deceive/me or I (modest)"
"蠢","蠢","chǔn","chun3","5","Level 5","stupid/sluggish/clumsy/to wiggle (of worms)/to move in a disorderly fashion"
"憋","憋","biē","bie1","5","Level 5","to choke/to stifle/to restrain/to hold back/to hold in (urine)/to hold (one's breath)"
"赐","賜","cì","ci4","5","Level 5","(bound form) to confer; to bestow; to grant/(literary) gift; favor/Taiwan pr. [si4]"
"蹦","蹦","bèng","beng4","5","Level 5","to jump; to bounce; to hop"
"廉","廉","lián","lian2","5","Level 5","incorruptible/honest/inexpensive/to investigate (old)/side wall of a traditional Chinese house (old)"
"绳","繩","shéng","sheng2","5","Level 5","rope/CL:根[gen1]"
"枕","枕","zhěn","zhen3","5","Level 5","pillow/to pillow/to rest one's head on (Taiwan pr. [zhen4] for this sense)"
"丫","丫","yā","ya1","5","Level 5","fork/branch/bifurcation/girl"
"卦","卦","guà","gua4","5","Level 5","divinatory diagram/one of the eight divinatory trigrams of the Book of Changes 易經|易经[Yi4 jing1]/one of the sixty-four divinatory hexagrams of the Book of Changes 易經|易经[Yi4 jing1]"
"瘾","癮","yǐn","yin3","5","Level 5","addiction/craving"
"妥","妥","tuǒ","tuo3","5","Level 5","suitable/adequate/ready/settled"
"帐","帳","zhàng","zhang4","5","Level 5","(bound form) curtain; tent; canopy"
"篷","篷","péng","peng2","5","Level 5","sail"
"煎","煎","jiān","jian1","5","Level 5","to pan fry/to sauté"
"轰","轟","hōng","hong1","5","Level 5","explosion/bang/boom/rumble/to attack/to shoo away/to expel"
"呕","嘔","ǒu","ou3","5","Level 5","vomit"
"妨","妨","fáng","fang2","5","Level 5","to hinder/(in the negative or interrogative) (no) harm/(what) harm"
"愈","愈","yù","yu4","5","Level 5","to heal"
"虐","虐","nüè","nve4","5","Level 5","oppressive/tyrannical"
"炬","炬","jù","ju4","5","Level 5","torch"
"衔","銜","xián","xian2","5","Level 5","bit (of a bridle)/to hold in the mouth/to harbor (feelings)/to link/to accept/rank/title"
"喉","喉","hóu","hou2","5","Level 5","throat/larynx"
"咙","嚨","lóng","long2","5","Level 5","throat"
"泄","泄","xiè","xie4","5","Level 5","(bound form) to leak out; to discharge; (fig.) to divulge"
"棍","棍","gùn","gun4","5","Level 5","stick; rod; truncheon/scoundrel; villain"
"链","鏈","liàn","lian4","5","Level 5","chain/cable (unit of length: 100 fathoms, about 185 m)/chain (unit of length: 66 feet, about 20 m)/to chain/to enchain"
"挽","挽","wǎn","wan3","5","Level 5","to draw (a cart)/to lament the dead"
"熏","薰熏","xūn","xun1","5","Level 5","fragrance/warm/to educate/to smoke/to fumigate"
"髦","髦","máo","mao2","5","Level 5","bang (hair)/fashionable/mane"
"穆","穆","mù","mu4","5","Level 5","solemn/reverent/calm/burial position in an ancestral tomb (old)"
"斯","斯","sī","si1","5","Level 5","(phonetic)/this"
"纱","紗","shā","sha1","5","Level 5","cotton yarn/muslin"
"挪","挪","nuó","nuo2","5","Level 5","to shift/to move"
"虹","虹","hóng","hong2","5","Level 5","rainbow"
"郁","鬱郁","yù","yu4","5","Level 5","(bound form) (of vegetation) lush; luxuriant/(bound form) melancholy; depressed"
"弊","弊","bì","bi4","5","Level 5","detriment/fraud/harm/defeat"
"坪","坪","píng","ping2","5","Level 5","a plain/ping, unit of area equal to approx. 3.3058 square meters (used in Japan and Taiwan)"
"蜡","蠟","là","la4","5","Level 5","candle/wax"
"烛","燭","zhú","zhu2","5","Level 5","candle/(literary) to illuminate"
"垮","垮","kuǎ","kua3","5","Level 5","to collapse (lit. or fig.)"
"佑","佑","yòu","you4","5","Level 5","(bound form) to bless; to protect"
"掐","掐","qiā","qia1","5","Level 5","to pick (flowers)/to pinch/to nip/to pinch off/to clutch/(slang) to fight"
"窒","窒","zhì","zhi4","5","Level 5","to obstruct/to stop up"
"敞","敞","chǎng","chang3","5","Level 5","open to the view of all/spacious/to open wide/to disclose"
"腕","腕","wàn","wan4","5","Level 5","wrist/(squid, starfish etc) arm"
"钞","鈔","chāo","chao1","5","Level 5","money/paper money"
"舔","舔","tiǎn","tian3","5","Level 5","to lick/to lap"
"嚼","嚼","jué","jue2","5","Level 5","to chew"
"羞","羞","xiū","xiu1","5","Level 5","shy/ashamed/shame/bashful/delicacies"
"钓","釣","diào","diao4","5","Level 5","to fish with a hook and bait"
"炫","炫","xuàn","xuan4","5","Level 5","to dazzle/to boast/to show off/(slang) cool/awesome"
"奴","奴","nú","nu2","5","Level 5","slave"
"隶","隸","lì","li4","5","Level 5","(bound form) a person in servitude; low-ranking subordinate/(bound form) to be subordinate to/(bound form) clerical script (the style of characters intermediate between ancient seal and modern regular characters)"
"绅","紳","shēn","shen1","5","Level 5","member of gentry"
"揍","揍","zòu","zou4","5","Level 5","to hit; to beat (sb)/(coll.) to smash (sth)"
"痒","癢","yǎng","yang3","5","Level 5","to itch/to tickle"
"屠","屠","tú","tu2","5","Level 5","to slaughter (animals for food)/to massacre"
"抚","撫","fǔ","fu3","5","Level 5","to comfort/to console/to stroke/to caress/an old term for province or provincial governor"
"吩","吩","fēn","fen1","5","Level 5","leave instructions/to order"
"咐","咐","fù","fu4","5","Level 5","to order"
"塌","塌","tā","ta1","5","Level 5","to collapse/to droop/to settle down"
"堕","墮","duò","duo4","5","Level 5","to fall; to sink/(fig.) to degenerate"
"饶","饒","ráo","rao2","5","Level 5","rich/abundant/exuberant/to add for free/to throw in as bonus/to spare/to forgive/despite/although"
"屉","屜","tì","ti4","5","Level 5","drawer; tier; tray"
"囚","囚","qiú","qiu2","5","Level 5","prisoner"
"仗","仗","zhàng","zhang4","5","Level 5","weaponry/to hold (a weapon)/to wield/to rely on/to depend on/war/battle"
"佣","佣傭","yōng","yong1","5","Level 5","to hire/to employ/servant/hired laborer/domestic help"
"鸽","鴿","gē","ge1","5","Level 5","pigeon; dove"
"葬","葬","zàng","zang4","5","Level 5","to bury (the dead)/to inter"
"翁","翁","wēng","weng1","5","Level 5","elderly man/father/father-in-law/neck feathers of a bird (old)"
"疏","疏","shū","shu1","5","Level 5","to dredge/to clear away obstruction/thin/sparse/scanty/distant (relation)/not close/to neglect/negligent/to present a memorial to the Emperor/commentary/annotation"
"苍","蒼","cāng","cang1","5","Level 5","dark blue/deep green/ash-gray"
"蝇","蠅","yíng","ying2","6","Level 6","fly/musca/CL:隻|只[zhi1]"
"匿","匿","nì","ni4","6","Level 6","to hide"
"谣","謠","yáo","yao2","6","Level 6","popular ballad/rumor"
"撬","撬","qiào","qiao4","6","Level 6","to lift/to pry open/to lever open"
"贪","貪","tān","tan1","6","Level 6","to have a voracious desire for/to covet/greedy/corrupt"
"峡","峽","xiá","xia2","6","Level 6","gorge"
"丛","叢","cóng","cong2","6","Level 6","cluster/collection/collection of books/thicket"
"鲨","鯊","shā","sha1","6","Level 6","shark"
"堪","堪","kān","kan1","6","Level 6","(bound form) may; can/(bound form) to endure; to bear/(in 堪輿|堪舆[kan1 yu2]) heaven (contrasted with earth 輿|舆[yu2])"
"稽","稽","jī","ji1","6","Level 6","to bow to the ground"
"剖","剖","pōu","pou1","6","Level 6","to cut open/to analyze/Taiwan pr. [pou3]"
"慷","慷","kāng","kang1","6","Level 6","used in ~慨[kang1 kai3]"
"慨","慨嘅","kǎi","kai3","6","Level 6","indignant/generous/to sigh (with emotion)"
"兽","獸","shòu","shou4","6","Level 6","beast/animal/beastly/bestial"
"猎","獵","liè","lie4","6","Level 6","hunting"
"陋","陋","lòu","lou4","6","Level 6","low/humble/plain/ugly/mean/vulgar"
"棺","棺","guān","guan1","6","Level 6","coffin"
"磁","磁","cí","ci2","6","Level 6","magnetic/magnetism/porcelain"
"耻","恥","chǐ","chi3","6","Level 6","(bound form) shame; humiliation; disgrace"
"荒","荒","huāng","huang1","6","Level 6","desolate/shortage/scarce/out of practice/absurd/uncultivated/to neglect"
"谬","謬","miù","miu4","6","Level 6","to deceive/to confuse/to cheat/absurd/erroneous"
"狡","狡","jiǎo","jiao3","6","Level 6","crafty/cunning/sly"
"猾","猾","huá","hua2","6","Level 6","sly"
"虔","虔","qián","qian2","6","Level 6","to act with reverence/reverent"
"坟","墳","fén","fen2","6","Level 6","grave/tomb/CL:座[zuo4]/embankment/mound/ancient book"
"鳄","鱷","è","e4","6","Level 6","(bound form) alligator; crocodile"
"皂","皂","zào","zao4","6","Level 6","soap/black"
"唠","嘮","láo","lao2","6","Level 6","to gossip/to chat (dialect)"
"叨","叨","dāo","dao1","6","Level 6","to receive the benefit of"
"嘱","囑","zhǔ","zhu3","6","Level 6","to enjoin/to implore/to urge"
"驱","驅","qū","qu1","6","Level 6","to expel/to urge on/to drive/to run quickly"
"锯","鋸","jù","ju4","6","Level 6","a saw (CL:把[ba3])/to saw"
"笼","籠","lóng","long2","6","Level 6","to cover/to cage/covering/also pr. [long2]"
"卑","卑","bēi","bei1","6","Level 6","low/base/vulgar/inferior/humble"
"鄙","鄙","bǐ","bi3","6","Level 6","rustic/low/base/mean/to despise/to scorn"
"棘","棘","jí","ji2","6","Level 6","thorns"
"跤","跤","jiāo","jiao1","6","Level 6","a tumble/a fall"
"搏","搏","bó","bo2","6","Level 6","to fight/to combat/to seize/(of heart) to beat"
"妄","妄","wàng","wang4","6","Level 6","absurd/fantastic/presumptuous/rash"
"愧","愧","kuì","kui4","6","Level 6","ashamed"
"芭","芭","bā","ba1","6","Level 6","a herb/banana"
"蕾","蕾","lěi","lei3","6","Level 6","bud"
"酗","酗","xù","xu4","6","Level 6","drunk"
"寡","寡","guǎ","gua3","6","Level 6","few/scant/widowed"
"唬","唬","hǔ","hu3","6","Level 6","a tiger's roar/to scare/to intimidate/(coll.) to fool/to bluff"
"捣","搗","dǎo","dao3","6","Level 6","to pound/to beat/to hull/to attack/to disturb/to stir"
"恕","恕","shù","shu4","6","Level 6","to forgive"
"赎","贖","shú","shu2","6","Level 6","to redeem/to ransom"
"仁","仁","rén","ren2","6","Level 6","humane/kernel"
"鲁","魯","lǔ","lu3","6","Level 6","(bound form) crass/stupid/rude/(used to represent the sounds of ""ru"", ""lu"" etc in loanwords)"
"芝","芝","zhī","zhi1","6","Level 6","Zoysia pungens"
"亦","亦","yì","yi4","6","Level 6","also"
"坛","罈壇","tán","tan2","6","Level 6","earthen jar"
"橘","橘","jú","ju2","6","Level 6","mandarin orange (Citrus reticulata)/tangerine"
"赴","赴","fù","fu4","6","Level 6","to go/to visit (e.g. another country)/to attend (a banquet etc)"
"颇","頗","pǒ","po3","6","Level 6","rather/quite/considerably/oblique/inclined/slanting/Taiwan pr. [po3]"
"奥","奧","ào","ao4","6","Level 6","obscure/mysterious"
"迄","迄","qì","qi4","6","Level 6","as yet/until"
"捧","捧","pěng","peng3","6","Level 6","to clasp/to cup the hands/to hold up with both hands/to offer (esp. in cupped hands)/to praise/to flatter"
"履","履","lǚ","lv3","6","Level 6","shoe/to tread on"
"悠","悠","yōu","you1","6","Level 6","long or drawn out/remote in time or space/leisurely/to swing/pensive/worried"
"覆","覆","fù","fu4","6","Level 6","to cover/to overflow/to overturn/to capsize"
"迈","邁","mài","mai4","6","Level 6","to take a step/to stride"
"吁","吁籲","xū","xu1","6","Level 6","to implore"
"艾","艾","ài","ai4","6","Level 6","to mow/to cut/to reap/to redress"
"砖","磚","zhuān","zhuan1","6","Level 6","brick/CL:塊|块[kuai4]"
"煌","煌","huáng","huang2","6","Level 6","brilliant"
"庞","龐","páng","pang2","6","Level 6","(bound form) huge/(bound form) numerous and disordered/(bound form) face"
"浏","瀏","liú","liu2","6","Level 6","clear/deep (of water)/swift"
"摊","攤","tān","tan1","6","Level 6","to spread out/vendor's stand"
"馨","馨","xīn","xin1","6","Level 6","fragrant"
"壳","殼","ké","ke2","6","Level 6","(bound form) shell/Taiwan pr. [ke2]"
"伐","伐","fá","fa2","6","Level 6","to cut down/to fell/to dispatch an expedition against/to attack/to boast/Taiwan pr. [fa1]"
"厢","廂","xiāng","xiang1","6","Level 6","box (in theater)/side room/side"
"劣","劣","liè","lie4","6","Level 6","inferior"
"舆","輿","yú","yu2","6","Level 6","(literary) chassis of a carriage (contrasted with the canopy 堪[kan1])/(literary) (fig.) the earth (while the carriage canopy is a metaphor for heaven); land; territory/(literary) carriage/(literary) sedan chair; palanquin/(bound form) the multitudes; the people; the public"
"谱","譜","pǔ","pu3","6","Level 6","chart/list/table/register/score (music)/spectrum (physics)/to set to music"
"霜","霜","shuāng","shuang1","6","Level 6","frost/white powder or cream spread over a surface/frosting/(skin) cream"
"沫","沫","mò","mo4","6","Level 6","foam/suds"
"涵","涵","hán","han2","6","Level 6","to contain/to include/culvert"
"疫","疫","yì","yi4","6","Level 6","(bound form) epidemic; plague"
"灿","燦","càn","can4","6","Level 6","glorious/bright/brilliant/lustrous/resplendent"
"涌","涌湧","yǒng","yong3","6","Level 6","to bubble up/to rush forth"
"疲","疲","pí","pi2","6","Level 6","weary"
"苗","苗","miáo","miao2","6","Level 6","sprout"
"窄","窄","zhǎi","zhai3","6","Level 6","narrow/narrow-minded/badly off"
"掀","掀","xiān","xian1","6","Level 6","to lift (a lid)/to rock/to convulse"
"罕","罕","hǎn","han3","6","Level 6","rare"
"叠","疊","dié","die2","6","Level 6","to fold/to fold over in layers/to furl/to layer/to pile up/to repeat/to duplicate"
"瞪","瞪","dèng","deng4","6","Level 6","to open (one's eyes) wide/to stare at/to glare at"
"腾","騰","téng","teng2","6","Level 6","(bound form) to gallop; to prance/(bound form) to soar; to hover/to make room; to clear out; to vacate/(verb suffix indicating repeated action)"
"歹","歹","dǎi","dai3","6","Level 6","bad/wicked/evil/Kangxi radical 78"
"骤","驟","zhòu","zhou4","6","Level 6","sudden/unexpected/abrupt/suddenly/Taiwan pr. [zou4]"
"悦","悅","yuè","yue4","6","Level 6","pleased"
"佩","珮佩","pèi","pei4","6","Level 6","girdle ornaments"
"谴","譴","qiǎn","qian3","6","Level 6","to censure/to reprimand"
"崛","崛","jué","jue2","6","Level 6","towering as a peak"
"槽","槽","cáo","cao2","6","Level 6","trough/manger/groove/channel/(Tw) (computing) hard drive"
"株","株","zhū","zhu1","6","Level 6","tree trunk/stump (tree root)/a plant/classifier for trees or plants/strain (biology)/to involve others (in shady business)"
"铝","鋁","lǚ","lv3","6","Level 6","aluminum (chemistry)"
"丸","丸","wán","wan2","6","Level 6","ball/pellet/pill"
"惫","憊","bèi","bei4","6","Level 6","exhausted"
"垂","垂","chuí","chui2","6","Level 6","to hang (down)/droop/dangle/bend down/hand down/bequeath/nearly/almost/to approach"
"勿","勿","wù","wu4","6","Level 6","do not"
"椒","椒","jiāo","jiao1","6","Level 6","pepper"
"裕","裕","yù","yu4","6","Level 6","abundant"
"缴","繳","jiǎo","jiao3","6","Level 6","to hand in/to hand over/to seize"
"蔓","蔓","màn","man4","6","Level 6","creeper/to spread"
"昂","昂","áng","ang2","6","Level 6","to lift/to raise/to raise one's head/high/high spirits/soaring/expensive"
"拧","擰","níng","ning2","6","Level 6","stubborn"
"莫","莫","mò","mo4","6","Level 6","do not/there is none who"
"皱","皺","zhòu","zhou4","6","Level 6","to wrinkle/wrinkled/to crease"
"诈","詐","zhà","zha4","6","Level 6","to cheat/to swindle/to pretend/to feign/to draw sb out/to try to extract information by deceit or bluff"
"屈","屈","qū","qu1","6","Level 6","bent/to feel wronged"
"臣","臣","chén","chen2","6","Level 6","state official or subject in dynastic China/I, your servant (used in addressing the sovereign)/Kangxi radical 131"
"腔","腔","qiāng","qiang1","6","Level 6","(bound form) cavity/tune/accent (in one's speech)/(old) (classifier for carcasses of slaughtered livestock)"
"雕","鵰雕","diāo","diao1","6","Level 6","bird of prey"
"崭","嶄","zhǎn","zhan3","6","Level 6","towering/prominent/very/extremely/(dialect) marvelous/excellent"
"橡","橡","xiàng","xiang4","6","Level 6","oak/Quercus serrata"
"馈","饋餽","kuì","kui4","6","Level 6","food/to make a present"
"契","契","qì","qi4","6","Level 6","to carve/carved words/to agree/a contract/a deed"
"豹","豹","bào","bao4","6","Level 6","leopard/panther"
"帆","帆颿","fān","fan1","6","Level 6","sail/sailboat"
"峻","峻","jùn","jun4","6","Level 6","(of mountains) high/harsh or severe"
"逢","逢","féng","feng2","6","Level 6","to meet by chance/to come across/(of a calendar event) to come along/(of an event) to fall on (a particular day)/to fawn upon"
"蓄","蓄","xù","xu4","6","Level 6","to store up/to grow (e.g. a beard)/to entertain (ideas)"
"渗","滲","shèn","shen4","6","Level 6","to seep/to ooze/to horrify"
"嗽","嗽","sòu","sou4","6","Level 6","(bound form) to cough"
"燥","燥","zào","zao4","6","Level 6","dry; parched/impatient; vexed/(bound form) (Taiwan pr. [sao4]) minced meat"
"稀","稀","xī","xi1","6","Level 6","rare/uncommon/watery/sparse"
"坠","墜","zhuì","zhui4","6","Level 6","to fall/to drop/to weigh down"
"乒","乒","pīng","ping1","6","Level 6","(onom.) ping/bing"
"乓","乓","pāng","pang1","6","Level 6","(onom.) bang"
"钙","鈣","gài","gai4","6","Level 6","calcium (chemistry)"
"徘","徘","pái","pai2","6","Level 6","used in ~徊[pai2 huai2]"
"徊","徊","huái","huai2","6","Level 6","used in 徘~[pai2 huai2]"
"盏","盞","zhǎn","zhan3","6","Level 6","a small cup/classifier for lamps"
"炖","燉","dùn","dun4","6","Level 6","to stew"
"帜","幟","zhì","zhi4","6","Level 6","flag"
"庙","廟","miào","miao4","6","Level 6","temple/ancestral shrine/CL:座[zuo4]/temple fair/great imperial hall/imperial"
"琢","琢","zuó","zuo2","6","Level 6","to carve jade"
"寝","寢","qǐn","qin3","6","Level 6","(bound form) to lie down to sleep or rest/(bound form) bedroom/(bound form) imperial tomb/(literary) to stop; to cease"
"赁","賃","lìn","lin4","6","Level 6","to rent"
"役","役","yì","yi4","6","Level 6","forced labor/corvée/obligatory task/military service/to use as servant/to enserf/servant (old)/war/campaign/battle"
"颤","顫","chàn","chan4","6","Level 6","to tremble/to shiver/to shake/to vibrate/Taiwan pr. [zhan4]"
"腹","腹","fù","fu4","6","Level 6","abdomen/stomach/belly"
"嗓","嗓","sǎng","sang3","6","Level 6","throat/voice"
"浇","澆","jiāo","jiao1","6","Level 6","to pour liquid/to irrigate (using waterwheel)/to water/to cast (molten metal)/to mold"
"扒","扒","bā","ba1","6","Level 6","to rake up/to steal/to braise/to crawl"
"锡","錫","xī","xi1","6","Level 6","tin (chemistry)/to bestow/to confer/to grant/Taiwan pr. [xi2]"
"啃","啃","kěn","ken3","6","Level 6","to gnaw/to nibble/to bite"
"澄","澄","chéng","cheng2","6","Level 6","(of liquid) to settle/to become clear"
"挫","挫","cuò","cuo4","6","Level 6","obstructed/to fail/to oppress/to repress/to lower the tone/to bend back/to dampen"
"栽","栽","zāi","zai1","6","Level 6","to plant; to grow/to insert; to erect (e.g. a bus stop sign)/to impose sth on sb/to stumble; to fall down"
"窜","竄","cuàn","cuan4","6","Level 6","to flee/to scuttle/to exile or banish/to amend or edit"
"黎","黎","lí","li2","6","Level 6","(literary) black/dark/many/multitude"
"蒸","蒸","zhēng","zheng1","6","Level 6","to evaporate/(of cooking) to steam/torch made from hemp stalks or bamboo (old)/finely chopped firewood (old)"
"壤","壤","rǎng","rang3","6","Level 6","soil/earth"
"殴","毆","ōu","ou1","6","Level 6","to beat up/to hit sb"
"弦","弦","xián","xian2","6","Level 6","bow string/string of musical instrument/watchspring/chord (segment of curve)/hypotenuse/CL:根[gen1]"
"叙","敘","xù","xu4","6","Level 6","to narrate/to chat"
"龟","龜","guī","gui1","6","Level 6","turtle"
"卓","卓","zhuó","zhuo2","6","Level 6","outstanding"
"喇","喇","lǎ","la3","6","Level 6","(phonetic)"
"叭","叭","bā","ba1","6","Level 6","denote a sound or sharp noise (gunfire etc)"
"框","框","kuāng","kuang1","6","Level 6","frame (e.g. door frame)/casing/fig. framework/template/to circle (i.e. draw a circle around sth)/to frame/to restrict/Taiwan pr. [kuang1]"
"斩","斬","zhǎn","zhan3","6","Level 6","to behead (as form of capital punishment)/to chop"
"喻","喻","yù","yu4","6","Level 6","to describe sth as/an analogy/a simile/a metaphor/an allegory"
"淋","淋","lín","lin2","6","Level 6","to filter/to strain/to drain/gonorrhea/(TCM) strangury"
"搂","摟","lǒu","lou3","6","Level 6","to hug/to embrace/to hold in one's arms"
"唤","喚","huàn","huan4","6","Level 6","to call"
"揉","揉","róu","rou2","6","Level 6","to knead/to massage/to rub"
"奢","奢","shē","she1","6","Level 6","extravagant"
"侈","侈","chǐ","chi3","6","Level 6","extravagant/wasteful/exaggerating"
"萝","蘿","luó","luo2","6","Level 6","radish"
"卜","卜","bo","bo","6","Level 6","to divine/to predict"
"愣","愣","lèng","leng4","6","Level 6","to look distracted/to stare blankly/distracted/blank/(coll.) unexpectedly/rash/rashly"
"弓","弓","gōng","gong1","6","Level 6","a bow (weapon)/CL:張|张[zhang1]/to bend/to arch (one's back etc)"
"缚","縛","fù","fu4","6","Level 6","to bind/to tie/Taiwan pr. [fu2]"
"艇","艇","tǐng","ting3","6","Level 6","vessel/small ship"
"兑","兌","duì","dui4","6","Level 6","to cash/to exchange/to add (liquid)/to blend/one of the Eight Trigrams 八卦[ba1 gua4], symbolizing swamp/☱"
"阁","閣","gé","ge2","6","Level 6","pavilion (usu. two-storied)/cabinet (politics)/boudoir/woman's chamber/rack/shelf"
"舅","舅","jiù","jiu4","6","Level 6","maternal uncle"
"伏","伏","fú","fu2","6","Level 6","to lean over/to fall (go down)/to hide (in ambush)/to conceal oneself/to lie low/hottest days of summer/to submit/to concede defeat/to overcome/to subdue/volt"
"遮","遮","zhē","zhe1","6","Level 6","to cover up (a shortcoming)/to screen off/to hide/to conceal"
"葱","蔥","cōng","cong1","6","Level 6","scallion/green onion"
"逆","逆","nì","ni4","6","Level 6","contrary/opposite/backwards/to go against/to oppose/to betray/to rebel"
"烁","爍","shuò","shuo4","6","Level 6","bright/luminous"
"斥","斥","chì","chi4","6","Level 6","to blame/to reprove/to reprimand/to expel/to oust/to reconnoiter/(of territory) to expand/saline marsh"
"拎","拎","līn","lin1","6","Level 6","to lift up; to carry in one's hand/Taiwan pr. [ling1]"
"揪","揪","jiū","jiu1","6","Level 6","to seize/to clutch/to grab firmly and pull"
"竖","豎","shù","shu4","6","Level 6","to erect/vertical/vertical stroke (in Chinese characters)"
"捷","捷","jié","jie2","6","Level 6","victory/triumph/quick/nimble/prompt"
"挠","撓","náo","nao2","6","Level 6","to scratch/to thwart/to yield"
"浸","浸","jìn","jin4","6","Level 6","to immerse/to soak/to steep/gradually"
"潇","瀟","xiāo","xiao1","6","Level 6","(of water) deep and clear/(of wind and rain) howling and pounding/(of light rain) pattering"
"卸","卸","xiè","xie4","6","Level 6","to unload/to unhitch/to remove or strip/to get rid of"
"膨","膨","péng","peng2","6","Level 6","swollen"
"胀","脹","zhàng","zhang4","6","Level 6","to swell; dropsical; swollen; bloated"
"酝","醞","yùn","yun4","6","Level 6","to brew"
"酿","釀","niàng","niang4","6","Level 6","to ferment/to brew/to make honey (of bees)/to lead to/to form gradually/wine/stuffed vegetables (cooking method)"
"丙","丙","bǐng","bing3","6","Level 6","third of the ten Heavenly Stems 十天干[shi2 tian1 gan1]/third in order/letter ""C"" or Roman ""III"" in list ""A, B, C"", or ""I, II, III"" etc/ancient Chinese compass point: 165°/propyl"
"瘫","癱","tān","tan1","6","Level 6","paralyzed"
"痪","瘓","huàn","huan4","6","Level 6","illness/numbness of the limbs"
"翼","翼","yì","yi4","6","Level 6","wing/area surrounding the bullseye of a target/to assist/one of the 28 constellations of Chinese astronomy"
"袱","袱","fú","fu2","6","Level 6","bundle wrapped in cloth"
"遣","遣","qiǎn","qian3","6","Level 6","(bound form) to dispatch; to send/(bound form) to drive away; to dispel"
"咽","咽嚥","yàn","yan4","6","Level 6","to swallow"
"瀑","瀑","pù","pu4","6","Level 6","waterfall"
"铲","剷鏟","chǎn","chan3","6","Level 6","to shovel/to remove/spade/shovel"
"滨","濱","bīn","bin1","6","Level 6","(bound form) water's edge; bank; shore/(bound form) to border on (a lake, river etc)"
"募","募","mù","mu4","6","Level 6","to canvass for contributions; to collect; to raise; to recruit; to enlist"
"辖","轄","xiá","xia2","6","Level 6","linchpin (used to fasten a wheel to an axle)/(bound form) to govern; to have jurisdiction over"
"蔽","蔽","bì","bi4","6","Level 6","to cover/to shield/to screen/to conceal"
"攀","攀","pān","pan1","6","Level 6","to climb (by pulling oneself up)/to implicate/to claim connections of higher status"
"糙","糙","cāo","cao1","6","Level 6","rough/coarse (in texture)"
"滥","濫","làn","lan4","6","Level 6","overflowing/excessive/indiscriminate"
"贩","販","fàn","fan4","6","Level 6","to deal in/to buy and sell/to trade in/to retail/to peddle"
"蹭","蹭","cèng","ceng4","6","Level 6","to rub against/to walk slowly/(coll.) to freeload"
"尘","塵","chén","chen2","6","Level 6","dust/dirt/earth"
"肇","肇肈","zhào","zhao4","6","Level 6","the start/the origin"
"陶","陶","táo","tao2","6","Level 6","pottery/pleased"
"瓷","瓷","cí","ci2","6","Level 6","chinaware/porcelain/china"
"劈","劈","pī","pi1","6","Level 6","to split in two/to divide"
"酥","酥","sū","su1","6","Level 6","flaky pastry/crunchy/limp/soft/silky"
"颠","顛","diān","dian1","6","Level 6","top (of the head)/apex/to fall forwards/inverted/to jolt"
"翔","翔","xiáng","xiang2","6","Level 6","to soar/to glide/(slang) shit"
"削","削","xuē","xue1","6","Level 6","to pare/to reduce/to remove/Taiwan pr. [xue4]"
"筛","篩","shāi","shai1","6","Level 6","(bound form) a sieve/to sieve; to sift; to filter/to eliminate through selection/to warm a pot of rice wine (over a fire or in hot water)/to pour (wine or tea)/(dialect) to strike (a gong)"
"筋","筋","jīn","jin1","6","Level 6","muscle/tendon/veins visible under the skin/sth resembling tendons or veins (e.g. fiber in a vegetable)"
"锐","銳","ruì","rui4","6","Level 6","acute"
"碳","碳","tàn","tan4","6","Level 6","carbon (chemistry)"
"眉","眉","méi","mei2","6","Level 6","eyebrow/upper margin"
"攒","攢","zǎn","zan3","6","Level 6","to collect/to hoard/to accumulate/to save"
"墟","墟","xū","xu1","6","Level 6","ruins/(literary) village/country fair"
"诀","訣","jué","jue2","6","Level 6","to bid farewell/tricks of the trade/pithy mnemonic formula (e.g. Mao Zedong's 16-character mantra 十六字訣|十六字诀 on guerrilla warfare)"
"缸","缸","gāng","gang1","6","Level 6","jar/vat/classifier for loads of laundry/CL:口[kou3]"
"辨","辨","biàn","bian4","6","Level 6","to distinguish/to recognize"
"蘑","蘑","mó","mo2","6","Level 6","mushroom"
"菇","菇","gū","gu1","6","Level 6","mushroom"
"拌","拌","bàn","ban4","6","Level 6","to mix/to mix in/to toss (a salad)"
"滤","濾","lǜ","lv4","6","Level 6","to strain/to filter"
"瞩","矚","zhǔ","zhu3","6","Level 6","to gaze at/to stare at"
"凝","凝","níng","ning2","6","Level 6","to congeal/to concentrate attention/to stare"
"凹","凹","āo","ao1","6","Level 6","concave; hollow"
"君","君","jūn","jun1","6","Level 6","monarch/lord/gentleman/ruler"
"衷","衷","zhōng","zhong1","6","Level 6","inner feelings"
"粪","糞","fèn","fen4","6","Level 6","manure/dung"
"痰","痰","tán","tan2","6","Level 6","phlegm/spittle"
"宵","宵","xiāo","xiao1","6","Level 6","night"
"筝","箏","zhēng","zheng1","6","Level 6","zheng or guzheng, a long zither with moveable bridges, played by plucking the strings"
"郑","鄭","zhèng","zheng4","6","Level 6","a surname"
"泌","泌","mì","mi4","6","Level 6","(bound form) to secrete"
"梳","梳","shū","shu1","6","Level 6","to comb/(bound form) a comb"
"乞","乞","qǐ","qi3","6","Level 6","to beg"
"膏","膏","gāo","gao1","6","Level 6","to moisten/to grease/to apply (cream, ointment)/to dip a brush in ink"
"揽","攬","lǎn","lan3","6","Level 6","to monopolize; to seize/to take into one's arms; to embrace/to fasten (with a rope etc)/to take on (responsibility etc); to canvass"
"绯","緋","fēi","fei1","6","Level 6","dark red/purple silk"
"畸","畸","jī","ji1","6","Level 6","lopsided/unbalanced/abnormal/irregular/odd fractional remnant"
"拣","揀","jiǎn","jian3","6","Level 6","to choose/to pick/to sort out/to pick up"
"剔","剔","tī","ti1","6","Level 6","to scrape the meat from bones/to pick (teeth etc)/to weed out"
"捍","捍","hàn","han4","6","Level 6","to ward off (a blow)/to withstand/to defend"
"殿","殿","diàn","dian4","6","Level 6","palace hall"
"敷","敷","fū","fu1","6","Level 6","to spread/to lay out/to apply (powder, ointment etc)/sufficient (to cover)/enough"
"姥","姥","lǎo","lao3","6","Level 6","governess/old woman"
"俄","俄","é","e2","6","Level 6","suddenly/very soon"
"肆","肆","sì","si4","6","Level 6","four (banker's anti-fraud numeral)/unrestrained/wanton/(literary) shop"
"躁","躁","zào","zao4","6","Level 6","impatient; hot-tempered"
"搓","搓","cuō","cuo1","6","Level 6","to rub or roll between the hands or fingers/to twist"
"蹬","蹬","dēng","deng1","6","Level 6","to step on/to tread on/to wear (shoes)/(slang) to dump (sb)/Taiwan pr. [deng4]"
"肢","肢","zhī","zhi1","6","Level 6","limb"
"衰","衰","shuāi","shuai1","6","Level 6","(bound form) to decay; to decline; to wane"
"绷","繃","bēng","beng1","6","Level 6","to have a taut face"
"鸣","鳴","míng","ming2","6","Level 6","to cry (of birds, animals and insects)/to make a sound/to voice (one's gratitude, grievance etc)"
"撇","撇","piē","pie1","6","Level 6","to throw/to cast/left-slanting downward brush stroke (calligraphy)"
"颖","穎","yǐng","ying3","6","Level 6","head of grain/husk/tip/point/clever/gifted/outstanding"
"廓","廓","kuò","kuo4","6","Level 6","(bound form) extensive; vast/(bound form) outline; general shape/(bound form) to expand; to extend"
"婿","婿","xù","xu4","6","Level 6","son-in-law/husband"
"绞","絞","jiǎo","jiao3","6","Level 6","to twist (strands into a thread)/to entangle/to wring/to hang (by the neck)/to turn/to wind/classifier for skeins of yarn"
"崖","崖","yá","ya2","6","Level 6","precipice/cliff/Taiwan pr. [yai2]"
"僻","僻","pì","pi4","6","Level 6","(bound form) remote/out of the way/off-center/eccentric"
"呛","嗆","qiāng","qiang1","6","Level 6","to irritate the nose/to choke (of smoke, smell etc)/pungent/(coll.) (Tw) to shout at sb/to scold/to speak out against sb"
"搁","擱","gē","ge1","6","Level 6","to bear/to stand/to endure"
"溅","濺","jiàn","jian4","6","Level 6","to splash"
"恳","懇","kěn","ken3","6","Level 6","earnest"
"衅","釁","xìn","xin4","6","Level 6","quarrel/dispute/a blood sacrifice (arch.)"
"俘","俘","fú","fu2","6","Level 6","to take prisoner/prisoner of war"
"虏","虜","lǔ","lu3","6","Level 6","prisoner of war/to capture/to take prisoner/(old) northern barbarian/slave"
"诫","誡","jiè","jie4","6","Level 6","commandment/to prohibit"
"苛","苛","kē","ke1","6","Level 6","severe/exacting"
"沸","沸","fèi","fei4","6","Level 6","to boil"
"踹","踹","chuài","chuai4","6","Level 6","to kick/to trample/to tread on"
"叼","叼","diāo","diao1","6","Level 6","to hold with one's mouth (as a smoker with a cigarette or a dog with a bone)"
"枯","枯","kū","ku1","6","Level 6","dried up"
"绽","綻","zhàn","zhan4","6","Level 6","to burst open/to split at the seam"
"淌","淌","tǎng","tang3","6","Level 6","to drip/to trickle/to shed (tears)"
"惭","慚","cán","can2","6","Level 6","ashamed"
"颊","頰","jiá","jia2","6","Level 6","cheeks"
"碑","碑","bēi","bei1","6","Level 6","a monument/an upright stone tablet/stele/CL:塊|块[kuai4],面[mian4]"
"镶","鑲","xiāng","xiang1","6","Level 6","to inlay/to embed/ridge/border"
"洽","洽","qià","qia4","6","Level 6","accord/to make contact/to agree/to consult with/extensive"
"枉","枉","wǎng","wang3","6","Level 6","to twist/crooked/unjust/in vain"
"绰","綽","chuò","chuo4","6","Level 6","generous/ample/wide/spacious/well-off/to grip"
"屿","嶼","yǔ","yu3","6","Level 6","islet"
"嚷","嚷","rǎng","rang3","6","Level 6","to shout/to bellow/to make a big deal of sth/to make a fuss about sth"
"揣","揣","chuāi","chuai1","6","Level 6","to estimate/to guess/to figure/to surmise"
"痹","痺","bì","bi4","6","Level 6","paralysis/numbness"
"伺","伺","cì","ci4","6","Level 6","to watch/to wait/to examine/to spy"
"驯","馴","xùn","xun4","6","Level 6","to attain gradually/to tame/Taiwan pr. [xun2]"
"津","津","jīn","jin1","6","Level 6","saliva/sweat/a ferry crossing/a ford (river crossing)"
"掺","摻","càn","can4","6","Level 6","to grasp"
"竭","竭","jié","jie2","6","Level 6","to exhaust"
"掰","掰","bāi","bai1","6","Level 6","to break off or break open sth with one's hands/(fig.) to break off (a relationship)"
"驭","馭","yù","yu4","6","Level 6","to drive/to manage/to control"
"哑","啞","yǎ","ya3","6","Level 6","mute; dumb; incapable of speech/(of a voice) hoarse; husky/(of a bullet, bomb etc) dud"
"卵","卵","luǎn","luan3","6","Level 6","egg/ovum/spawn/(coll.) testicles/(old) penis/(expletive) fucking"
"泽","澤","zé","ze2","6","Level 6","pool/pond/(of metals etc) luster/favor or beneficence/damp/moist"
"蒜","蒜","suàn","suan4","6","Level 6","garlic/CL:頭|头[tou2],瓣[ban4]"
"榨","榨","zhà","zha4","6","Level 6","to press/to extract (juice)/device for extracting juice, oils etc"
"绸","綢","chóu","chou2","6","Level 6","(light) silk/CL:匹[pi3]"
"拴","拴","shuān","shuan1","6","Level 6","to tie up"
"塘","塘","táng","tang2","6","Level 6","dyke/embankment/pool or pond/hot-water bathing pool"
"淹","淹","yān","yan1","6","Level 6","to flood/to submerge/to drown/to irritate the skin (of liquids)/to delay"
"髓","髓","suǐ","sui3","6","Level 6","marrow/essence/quintessence/pith (soft interior of plant stem)"
"鞠","鞠","jū","ju1","6","Level 6","to incline (one's torso); to bow/leather ball used in ancient times/(literary) to bring up; to rear/Taiwan pr. [ju2]"
"晋","晉","jìn","jin4","6","Level 6","to move forward/to promote/to advance"
"缉","緝","jī","ji1","6","Level 6","to stitch finely"
"悼","悼","dào","dao4","6","Level 6","to mourn/to lament"
"涕","涕","tì","ti4","6","Level 6","tears/nasal mucus"
"聋","聾","lóng","long2","6","Level 6","deaf"
"昆","昆崑","kūn","kun1","6","Level 6","descendant/elder brother/a style of Chinese poetry"
"畏","畏","wèi","wei4","6","Level 6","to fear"
"掠","掠","lüè","lve4","6","Level 6","to take over by force/to rob/to plunder/to brush over/to skim/to sweep"
"捎","捎","shāo","shao1","6","Level 6","to bring sth to sb/to deliver"
"牧","牧","mù","mu4","6","Level 6","to herd/to breed livestock/to govern (old)/government official (old)"
"紊","紊","wěn","wen3","6","Level 6","involved/tangled/disorderly/confused/chaotic/Taiwan pr. [wen4]"
"淆","淆","xiáo","xiao2","6","Level 6","confused and disorderly/mixed/Taiwan pr. [yao2]"
"蚀","蝕","shí","shi2","6","Level 6","to nibble away at sth/to eat into/to erode"
"巅","巔","diān","dian1","6","Level 6","summit"
"惦","惦","diàn","dian4","6","Level 6","to think of/to remember/to miss"
"氏","氏","shì","shi4","6","Level 6","clan/family/surname"
"涮","涮","shuàn","shuan4","6","Level 6","to rinse/to trick/to fool sb/to cook by dipping finely sliced ingredients briefly in boiling water or soup (generally done at the dining table)"
"媚","媚","mèi","mei4","6","Level 6","flatter/charm"
"焚","焚","fén","fen2","6","Level 6","to burn"
"诽","誹","fěi","fei3","6","Level 6","slander"
"谤","謗","bàng","bang4","6","Level 6","to slander/to defame/to speak ill of"
"钦","欽","qīn","qin1","6","Level 6","to respect/to admire/to venerate/by the emperor himself"
"蘸","蘸","zhàn","zhan4","6","Level 6","to dip in (ink, sauce etc)"
"峙","峙","zhì","zhi4","6","Level 6","peak/to store"
"妖","妖","yāo","yao1","6","Level 6","goblin/witch/devil/bewitching/enchanting/monster/phantom/demon"
"抨","抨","pēng","peng1","6","Level 6","attack/impeach"
"眨","眨","zhǎ","zha3","6","Level 6","to blink/to wink"
"瓣","瓣","bàn","ban4","6","Level 6","petal/segment/clove (of garlic)/piece/section/fragment/valve/lamella/classifier for pieces, segments etc"
"忌","忌","jì","ji4","6","Level 6","to be jealous of/fear/dread/scruple/to avoid or abstain from/to quit/to give up sth"
"堡","堡","bǎo","bao3","6","Level 6","small camp/fortress"
"垒","壘","lěi","lei3","6","Level 6","rampart/base (in baseball)/to build with stones, bricks etc"
"僚","僚","liáo","liao2","6","Level 6","bureaucrat/colleague"
"膛","膛","táng","tang2","6","Level 6","(bound form) hollow space"
"煽","煽","shān","shan1","6","Level 6","to fan into a flame/to incite"
"岳","嶽岳","yuè","yue4","6","Level 6","high mountain/highest peak of a mountain ridge"
"矫","矯","jiǎo","jiao3","6","Level 6","to correct/to rectify/to redress/strong/brave/to pretend/to feign/affectation"
"爪","爪","zhǎo","zhao3","6","Level 6","(coll.) foot of an animal or bird/(coll.) foot supporting a cooking pot etc"
"纽","紐","niǔ","niu3","6","Level 6","to turn/to wrench/button/nu (Greek letter Νν)"
"囱","囪","cōng","cong1","6","Level 6","chimney"
"挚","摯","zhì","zhi4","6","Level 6","sincere"
"稼","稼","jià","jia4","6","Level 6","to sow grain/(farm) crop"
"嗜","嗜","shì","shi4","6","Level 6","addicted to/fond of/stem corresponding to -phil or -phile"
"绵","緜綿","mián","mian2","6","Level 6","cotton"
"惰","惰","duò","duo4","6","Level 6","lazy"
"睬","睬","cǎi","cai3","6","Level 6","to pay attention/to take notice of/to care for"
"辫","辮","biàn","bian4","6","Level 6","a braid or queue/to plait"
"睦","睦","mù","mu4","6","Level 6","amicable/harmonious"
"杖","杖","zhàng","zhang4","6","Level 6","a staff/a rod/cane/walking stick/to flog with a stick (old)"
"铭","銘","míng","ming2","6","Level 6","to engrave/inscribed motto"
"畜","畜","chù","chu4","6","Level 6","to raise (animals)"
"沼","沼","zhǎo","zhao3","6","Level 6","pond/pool"
"黏","黏","nián","nian2","6","Level 6","sticky/glutinous/(Tw) to adhere/to stick on/to glue"
"稻","稻","dào","dao4","6","Level 6","paddy/rice (Oryza sativa)"
"帕","帕","pà","pa4","6","Level 6","to wrap/kerchief/handkerchief/headscarf/pascal (SI unit)"
"萧","蕭","xiāo","xiao1","6","Level 6","miserable/desolate/dreary/Chinese mugwort"
"裔","裔","yì","yi4","6","Level 6","descendants/frontier"
"遛","遛","liú","liu2","6","Level 6","to stroll/to walk (an animal)"
"肖","肖","xiào","xiao4","6","Level 6","similar/resembling/to resemble/to be like"
"渺","渺","miǎo","miao3","6","Level 6","(of an expanse of water) vast/distant and indistinct/tiny or insignificant"
"毙","獘斃","bì","bi4","6","Level 6","to collapse"
"饵","餌","ěr","er3","6","Level 6","pastry/food/to swallow/to lure/bait/lure"
"猩","猩","xīng","xing1","6","Level 6","ape"
"凿","鑿","záo","zao2","6","Level 6","chisel/to bore a hole/to chisel or dig/(literary) (bound form) certain/authentic/irrefutable/also pr. [zuo4]"
"瘟","瘟","wēn","wen1","6","Level 6","epidemic; pestilence; plague/(fig.) stupid; dull; (of a performance) lackluster"
"斑","斑","bān","ban1","6","Level 6","spot/colored patch/stripe/spotted/striped/variegated"
"蔼","藹","ǎi","ai3","6","Level 6","friendly"
"嗅","嗅","xiù","xiu4","6","Level 6","to smell/to sniff/to nose"
"巫","巫","wū","wu1","6","Level 6","witch/wizard/shaman/also pr. [wu2]"
"匠","匠","jiàng","jiang4","6","Level 6","craftsman"
"锈","銹","xiù","xiu4","6","Level 6","to rust"
"婉","婉","wǎn","wan3","6","Level 6","graceful/tactful"
"陨","隕","yǔn","yun3","6","Level 6","to fall/meteor/to perish"
"怯","怯","qiè","qie4","6","Level 6","timid/cowardly/rustic/Taiwan pr. [que4]"
"椰","椰","yē","ye1","6","Level 6","(bound form) coconut palm/Taiwan pr. [ye2]"
"螺","螺","luó","luo2","6","Level 6","spiral shell/snail/conch"
"朽","朽","xiǔ","xiu3","6","Level 6","rotten"
"窍","竅","qiào","qiao4","6","Level 6","hole/opening/orifice (of the human body)/(fig.) key (to the solution of a problem)"
"哨","哨","shào","shao4","6","Level 6","a whistle/sentry"
"橙","橙","chéng","cheng2","6","Level 6","orange tree/orange (color)"
"柄","柄","bǐng","bing3","6","Level 6","handle or shaft (of an axe etc)/(of a flower, leaf or fruit) stem/sth that affords an advantage to an opponent/classifier for knives or blades"
"魁","魁","kuí","kui2","6","Level 6","chief/head/outstanding/exceptional/stalwart"
"莽","莽","mǎng","mang3","6","Level 6","(bound form) dense growth of grass/(literary) vast; boundless/(bound form) boorish; reckless"
"熄","熄","xī","xi1","6","Level 6","to extinguish/to put out (fire)/to quench/to stop burning/to go out (of fire, lamp etc)/to come to an end/to wither away/to die out/Taiwan pr. [xi2]"
"昧","昧","mèi","mei4","6","Level 6","to conceal/dark"
"挟","挾","xié","xie2","6","Level 6","(bound form) to clasp under the arm/(bound form) to coerce/(bound form) to harbor (resentment etc)"
"犬","犬","quǎn","quan3","6","Level 6","dog/Kangxi radical 94"
"唾","唾","tuò","tuo4","6","Level 6","saliva/to spit"
"兆","兆","zhào","zhao4","6","Level 6","(bound form) omen/to foretell/million; mega-/(Tw) trillion; tera-/(old) billion"
"靶","靶","bǎ","ba3","6","Level 6","target/mark"
"柬","柬","jiǎn","jian3","6","Level 6","card/note/letter"
"烘","烘","hōng","hong1","6","Level 6","to bake/to heat by fire/to set off by contrast"
"斧","斧","fǔ","fu3","6","Level 6","hatchet"
"殃","殃","yāng","yang1","6","Level 6","calamity"
"钳","鉗","qián","qian2","6","Level 6","pincers/pliers/tongs/claw (of animal)/to grasp with pincers/to pinch/to clamp/to restrain/to restrict/to gag"
"秽","穢","huì","hui4","6","Level 6","dirt/filth"
"藻","藻","zǎo","zao3","6","Level 6","aquatic grasses/elegant"
"咧","咧","liě","lie3","6","Level 6","modal particle expressing exclamation"
"汛","汛","xùn","xun4","6","Level 6","high water/flood/to sprinkle water"
"昔","昔","xī","xi1","6","Level 6","former times/the past/Taiwan pr. [xi2]"
"帖","帖","tiē","tie1","6","Level 6","rubbing from incised inscription"
"盈","盈","yíng","ying2","6","Level 6","full/filled/surplus"
"凸","凸","tū","tu1","6","Level 6","to stick out/protruding/convex/male (connector etc)/Taiwan pr. [tu2]"
"磋","磋","cuō","cuo1","6","Level 6","deliberate/to polish"
"荫","蔭","yīn","yin1","6","Level 6","shade"
"飙","飆","biāo","biao1","6","Level 6","whirlwind/violent wind"
"垄","壟","lǒng","long3","6","Level 6","ridge between fields/crop row; mounded soil forming a ridge in a field/grave mound"
"曰","曰","yuē","yue1","6","Level 6","to speak/to say"
"拓","拓","tuò","tuo4","6","Level 6","to expand/to push sth with the hand/to develop/to open up"
"禾","禾","hé","he2","6","Level 6","cereal/grain"
"卤","鹵滷","lǔ","lu3","6","Level 6","alkaline soil/salt/brine/halogen (chemistry)/crass/stupid"
"禅","禪","chán","chan2","6","Level 6","to abdicate"
"舟","舟","zhōu","zhou1","6","Level 6","boat"
"弧","弧","hú","hu2","6","Level 6","arc"
"鹏","鵬","péng","peng2","6","Level 6","Peng, large fabulous bird/roc"
"槛","檻","kǎn","kan3","6","Level 6","door sill/threshold"
"儒","儒","rú","ru2","6","Level 6","scholar/Confucian"
"旨","旨","zhǐ","zhi3","6","Level 6","imperial decree/purport/aim/purpose"
"纺","紡","fǎng","fang3","6","Level 6","to spin (cotton or hemp etc)/fine woven silk fabric"
"炭","炭","tàn","tan4","6","Level 6","wood charcoal/coal"
"媳","媳","xí","xi2","6","Level 6","daughter-in-law"
"颈","頸","jǐng","jing3","6","Level 6","neck"
"腻","膩","nì","ni4","6","Level 6","greasy/soft/unctuous/intimate/tired of"
"玄","玄","xuán","xuan2","6","Level 6","black/mysterious"
"辟","辟闢","pì","pi4","6","Level 6","to open (a door)/to open up (for development)/to dispel; to refute; to repudiate/(bound form) penetrating; incisive"
"矣","矣","yǐ","yi3","6","Level 6","classical final particle, similar to modern 了[le5]"
"旬","旬","xún","xun2","6","Level 6","ten days/ten years/full period"
"捂","捂","wǔ","wu3","6","Level 6","to enclose/to cover with the hand (one's eyes, nose or ears)/to cover up (an affair)/contrary/to contradict"
"茅","茅","máo","mao2","6","Level 6","reeds/rushes"
"阐","闡","chǎn","chan3","6","Level 6","to express/to disclose/to enlighten/to open"
"彰","彰","zhāng","zhang1","6","Level 6","clear/conspicuous/manifest"
"奠","奠","diàn","dian4","6","Level 6","to fix/to settle/a libation to the dead"
"饲","飼","sì","si4","6","Level 6","to raise/to rear/to feed"
"萎","萎","wēi","wei1","6","Level 6","to wither/to drop/to decline/spiritless/Taiwan pr. [wei1]"
"遏","遏","è","e4","6","Level 6","to restrain/to check/to hold back"
"坝","壩","bà","ba4","6","Level 6","dam/dike; embankment/CL:條|条[tiao2]"
"匀","勻","yún","yun2","6","Level 6","even/well-distributed/uniform/to distribute evenly/to share"
"晤","晤","wù","wu4","6","Level 6","to meet (socially)"
"啸","嘯","xiào","xiao4","6","Level 6","(of people) to whistle/(of birds and animals) to screech; to howl; to roar"
"畴","疇","chóu","chou2","6","Level 6","arable fields/cultivated field/class/category"
"伦","倫","lún","lun2","6","Level 6","human relationship/order/coherence"
"栓","栓","shuān","shuan1","6","Level 6","bottle stopper/plug/(gun) bolt/(grenade) pin"
"绣","繡","xiù","xiu4","6","Level 6","to embroider; embroidery"
"侨","僑","qiáo","qiao2","6","Level 6","emigrant/to reside abroad"
"竣","竣","jùn","jun4","6","Level 6","complete/finish"
"逝","逝","shì","shi4","6","Level 6","(of flowing water or time) to pass by/to pass away; to die"
"秤","秤","chèng","cheng4","6","Level 6","steelyard/Roman balance/CL:臺|台[tai2]"
"顷","頃","qǐng","qing3","6","Level 6","unit of area equal to 100 畝|亩[mu3] or 6.67 hectares/a short while/a little while ago/circa. (for approximate dates)"
"譬","譬","pì","pi4","6","Level 6","to give an example"
"茫","茫","máng","mang2","6","Level 6","vast, with no clear boundary/fig. hazy/indistinct/unclear/confused"
"刑","刑","xíng","xing2","6","Level 6","punishment/penalty/sentence/torture/corporal punishment"
"屡","屢","lǚ","lv3","6","Level 6","time and again/repeatedly/frequently"
"菊","菊","jú","ju2","6","Level 6","chrysanthemum"
"呵","呵","hē","he1","6","Level 6","expel breath/my goodness"
"耕","耕","gēng","geng1","6","Level 6","to plow/to till"
"煲","煲","bāo","bao1","6","Level 6","to cook slowly over a low flame/pot/saucepan"
"倘","倘","tǎng","tang3","6","Level 6","if; supposing; in case"
"仲","仲","zhòng","zhong4","6","Level 6","second month of a season/middle/intermediate/second amongst brothers"
"缕","縷","lǚ","lv3","6","Level 6","strand/thread/detailed/in detail/classifier for wisps (of smoke, mist or vapor), strands, locks (of hair)"
"闸","閘牐","zhá","zha2","6","Level 6","gear/brake/sluice/lock (on waterway)/electric switch or circuit breaker"
"屑","屑","xiè","xie4","6","Level 6","bits/fragments/crumbs/filings/trifling/trivial/to condescend to"
"溢","溢","yì","yi4","6","Level 6","to overflow/(literary) excessive"
"杜","杜","dù","du4","6","Level 6","birchleaf pear (tree)/to stop/to prevent/to restrict"
"舶","舶","bó","bo2","6","Level 6","ship"
"屯","屯","tún","tun2","6","Level 6","difficult/stingy"
"莲","蓮","lián","lian2","6","Level 6","lotus"
"朦","朦","méng","meng2","6","Level 6","used in ~胧[meng2 long2]"
"胧","朧","lóng","long2","6","Level 6","used in 朦~[meng2 long2]"
"芽","芽","yá","ya2","6","Level 6","bud/sprout"
"拱","拱","gǒng","gong3","6","Level 6","to cup one's hands in salute/to surround/to arch/to dig earth with the snout/arched"
"渔","漁","yú","yu2","6","Level 6","fisherman/to fish"
"缀","綴","zhuì","zhui4","6","Level 6","to sew/to stitch together/to combine/to link/to connect/to put words together/to compose/to embellish"
"旱","旱","hàn","han4","6","Level 6","drought"
"弘","弘","hóng","hong2","6","Level 6","great/liberal"
"卉","卉","huì","hui4","6","Level 6","plants"
"朴","朴樸","pǔ","pu3","6","Level 6","plain and simple/Taiwan pr. [pu2]"
"倚","倚","yǐ","yi3","6","Level 6","to lean on/to rely upon"
"荡","蕩","dàng","dang4","6","Level 6","to wash/to squander/to sweep away/to move/to shake/dissolute/pond"
"贬","貶","biǎn","bian3","6","Level 6","to diminish/to demote/to reduce or devaluate/to disparage/to censure/to depreciate"
"躯","軀","qū","qu1","6","Level 6","human body"
"夷","夷","yí","yi2","6","Level 6","non-Han people, esp. to the East of China/barbarians/to wipe out/to exterminate/to tear down/to raze"
"轴","軸","zhóu","zhou2","6","Level 6","axle/pivot/axis"
"涤","滌","dí","di2","6","Level 6","to wash/to cleanse"
"赤","赤","chì","chi4","6","Level 6","red/scarlet/bare/naked"
"滞","滯","zhì","zhi4","6","Level 6","sluggish"
"嫂","嫂","sǎo","sao3","6","Level 6","older brother's wife/sister-in-law"
"缔","締","dì","di4","6","Level 6","closely joined/connection/knot"
"菩","菩","pú","pu2","6","Level 6","Bodhisattva"
"萨","薩","sà","sa4","6","Level 6","Bodhisattva/surname Sa"
"曙","曙","shǔ","shu3","6","Level 6","daybreak/dawn/the dawn of a new epoch (metaphor)/Taiwan pr. [shu4]"
"秧","秧","yāng","yang1","6","Level 6","shoots/sprouts"
"泻","瀉","xiè","xie4","6","Level 6","to flow out swiftly/to flood/a torrent/diarrhea/laxative"
"禽","禽","qín","qin2","6","Level 6","generic term for birds and animals/birds/to capture (old)"
"诧","詫","chà","cha4","6","Level 6","to be surprised/to be astonished"
"廷","廷","tíng","ting2","6","Level 6","palace courtyard"
"贾","賈","jiǎ","jia3","6","Level 6","merchant/to buy"
"弈","弈","yì","yi4","6","Level 6","ancient name for go (Chinese board game)"
"徽","徽","huī","hui1","6","Level 6","badge/emblem/insignia/crest/logo/coat of arms"
"卒","卒","zú","zu2","6","Level 6","soldier/servant/to finish/to die/finally/at last/pawn in Chinese chess"
"囊","囊","náng","nang2","6","Level 6","sack/purse/pocket (for money)"
"惋","惋","wǎn","wan3","6","Level 6","to sigh in regret or pity/Taiwan pr. [wan4]"
"沧","滄","cāng","cang1","6","Level 6","blue-green or azure (of water)/vast (of water)/cold"
"踊","踊踴","yǒng","yong3","6","Level 6","leap"
"淀","澱淀","diàn","dian4","6","Level 6","to form sediment; to precipitate"
"毅","毅","yì","yi4","6","Level 6","firm and resolute/staunch"
"腥","腥","xīng","xing1","6","Level 6","fishy (smell)"
"桨","槳","jiǎng","jiang3","6","Level 6","oar/paddle"
"枢","樞","shū","shu1","6","Level 6","(bound form) hinge; pivot (usu. fig.)"
"牡","牡","mǔ","mu3","6","Level 6","(of a bird, animal or plant) male/key/hills"
"丹","丹","dān","dan1","6","Level 6","red/pellet/powder/cinnabar"
"霞","霞","xiá","xia2","6","Level 6","rose-tinted sky or clouds at sunrise or sunset"
"鞭","鞭","biān","bian1","6","Level 6","whip or lash/to flog/to whip/conductor's baton/segmented iron weapon (old)/penis (of animal, served as food)"
"炊","炊","chuī","chui1","6","Level 6","to cook food"
"隙","隙","xì","xi4","6","Level 6","crack/crevice/gap or interval/loophole/discord/rift"
"暮","暮","mù","mu4","6","Level 6","evening/sunset"
"昼","晝","zhòu","zhou4","6","Level 6","daytime"
"怠","怠","dài","dai4","6","Level 6","idle/lazy/negligent/careless"
"岂","豈","qǐ","qi3","6","Level 6","how? (emphatic question)"
"迭","迭","dié","die2","6","Level 6","alternately/repeatedly"
"懈","懈","xiè","xie4","6","Level 6","lax/negligent"
"乔","喬","qiáo","qiao2","6","Level 6","tall"
"馅","餡","xiàn","xian4","6","Level 6","stuffing/forcemeat/filling"
"沽","沽","gū","gu1","6","Level 6","to buy/to sell"
"瑞","瑞","ruì","rui4","6","Level 6","lucky/auspicious/propitious/rayl (acoustical unit)"
"衍","衍","yǎn","yan3","6","Level 6","to spread out/to develop/to overflow/to amplify/superfluous"
"芦","蘆","lú","lu2","6","Level 6","rush/reed/Phragmites communis"
"叮","叮","dīng","ding1","6","Level 6","to sting or bite (of mosquito, bee etc)/to say repeatedly/to urge insistently/to ask repeatedly/to stick to a point/(onom.) tinkling or jingling sound"
"冈","岡","gāng","gang1","6","Level 6","ridge/mound"
"纹","紋","wén","wen2","6","Level 6","line/trace/mark/pattern/grain (of wood etc)"
"泊","泊","pō","po1","6","Level 6","lake/Taiwan pr. [bo2]"
"溉","溉","gài","gai4","6","Level 6","to irrigate"
"遂","遂","suì","sui4","6","Level 6","to satisfy/to succeed/then/thereupon/finally/unexpectedly/to proceed/to reach"
"胚","胚","pēi","pei1","6","Level 6","embryo"
"甘","甘","gān","gan1","6","Level 6","sweet/willing"
"筐","筐","kuāng","kuang1","6","Level 6","basket/CL:隻|只[zhi1]"
"匪","匪","fěi","fei3","6","Level 6","bandit/(literary) not"
"诵","誦","sòng","song4","6","Level 6","to read aloud/to recite"
"抒","抒","shū","shu1","6","Level 6","to express/to give expression to/to relieve"
"倔","倔","jué","jue2","6","Level 6","gruff; surly"
"秃","禿","tū","tu1","6","Level 6","bald (lacking hair or feathers)/barren; bare; denuded/blunt (lacking a point)/(of a piece of writing) unsatisfactory; lacking something"
"凄","淒凄","qī","qi1","6","Level 6","intense cold/frigid/dismal/grim/bleak/sad/mournful"
"抠","摳","kōu","kou1","6","Level 6","to dig out/to pick out (with one's fingers)/to carve/to cut/to study meticulously/to lift one's clothes/stingy/miserly"
"赫","赫","hè","he4","6","Level 6","awe-inspiring/abbr. for 赫茲|赫兹[he4 zi1], hertz (Hz)"
"敦","敦","dūn","dun1","6","Level 6","kindhearted/place name"
"汹","洶","xiōng","xiong1","6","Level 6","torrential rush/tumultuous"
"伊","伊","yī","yi1","6","Level 6","(old) third person singular pronoun (""he"" or ""she"")/second person singular pronoun (""you"")/(May 4th period) third person singular feminine pronoun (""she"")/(Classical Chinese) introductory particle with no specific meaning/that (preceding a noun)"
"兰","蘭","lán","lan2","6","Level 6","orchid (蘭花|兰花 Cymbidium goeringii)/fragrant thoroughwort (蘭草|兰草 Eupatorium fortunei)/lily magnolia (木蘭|木兰)"
"逾","逾","yú","yu2","6","Level 6","to exceed/to go beyond/to transcend/to cross over/to jump over"
"勘","勘","kān","kan1","6","Level 6","to investigate/to survey/to collate"
"狈","狽","bèi","bei4","6","Level 6","a legendary wolf/distressed/wretched"
"酵","酵","jiào","jiao4","6","Level 6","yeast; leaven/fermentation/Taiwan pr. [xiao4]"
"嵌","嵌","qiàn","qian4","6","Level 6","to inlay/to embed/Taiwan pr. [qian1]"
"韵","韻","yùn","yun4","6","Level 6","the final (of a syllable) (Chinese phonology)/rhyme/appeal/charm/(literary) pleasant sound"
"灸","灸","jiǔ","jiu3","6","Level 6","moxibustion (TCM)"
"孝","孝","xiào","xiao4","6","Level 6","filial piety or obedience/mourning apparel"
"渊","淵","yuān","yuan1","6","Level 6","deep pool/deep/profound"
"媲","媲","pì","pi4","6","Level 6","to match/to pair"
"逸","逸","yì","yi4","6","Level 6","to escape/leisurely/outstanding"
"澜","瀾","lán","lan2","6","Level 6","swelling water"
"弛","弛","chí","chi2","6","Level 6","to unstring a bow/to slacken/to relax/to loosen"
"沛","沛","pèi","pei4","6","Level 6","copious/abundant"
"枣","棗","zǎo","zao3","6","Level 6","(bound form) jujube; Chinese date (Zizyphus jujuba)"
"荧","熒","yíng","ying2","6","Level 6","a glimmer/glimmering/twinkling/fluorescence/phosphorescence/perplexed/dazzled and confused/planet Mars (arch.)"
"铸","鑄","zhù","zhu4","6","Level 6","to cast or found metals"
"巷","巷","xiàng","xiang4","6","Level 6","lane/alley"
"喧","喧","xuān","xuan1","6","Level 6","noisy"
"陡","陡","dǒu","dou3","6","Level 6","steep/precipitous/abrubtly/suddenly/unexpectedly"
"缅","緬","miǎn","mian3","6","Level 6","distant/remote/detailed"
"孵","孵","fū","fu1","6","Level 6","breeding/to incubate/to hatch"
"逊","遜","xùn","xun4","6","Level 6","to abdicate/modest/yielding/unpretentious/inferior to/(slang) to suck"
"溶","溶","róng","rong2","6","Level 6","to dissolve/soluble"
"蕴","蘊","yùn","yun4","6","Level 6","to accumulate/to hold in store/to contain/to gather together/to collect/depth/inner strength/profundity"
"荷","荷","hé","he2","6","Level 6","to carry on one's shoulder or back/burden/responsibility"
"隘","隘","ài","ai4","6","Level 6","pass/defile/narrow/confined/in distress"
"韧","韌","rèn","ren4","6","Level 6","annealed/pliable but strong/tough/tenacious"
"缤","繽","bīn","bin1","6","Level 6","helter-skelter/mixed colors/in confusion"
"魄","魄","pò","po4","6","Level 6","soul; mortal soul (i.e. attached to the body)"
"恍","恍","huǎng","huang3","6","Level 6","(bound form) in a hazy state of mind/(bound form) to snap out of that state"
"哆","哆","duō","duo1","6","Level 6","quiver/woolen cloth"
"嗦","嗦","suo","suo","6","Level 6","suck"
"闺","閨","guī","gui1","6","Level 6","small arched door/boudoir; lady's chamber/(fig.) women"
"庸","庸","yōng","yong1","6","Level 6","ordinary/to use"
"滔","滔","tāo","tao1","6","Level 6","(bound form) to inundate; deluge; torrent"
"拢","攏","lǒng","long3","6","Level 6","to gather together; to collect/to approach; to draw near to/to add; to sum up/to comb (hair)"
"烹","烹","pēng","peng1","6","Level 6","cooking method/to boil sb alive (capital punishment in imperial China)"
"腺","腺","xiàn","xian4","6","Level 6","gland"
"桂","桂","guì","gui4","6","Level 6","cassia/laurel"
"阀","閥","fá","fa2","6","Level 6","powerful individual, family or group/clique/(loanword) valve"
"颂","頌","sòng","song4","6","Level 6","ode/eulogy/to praise in writing/to wish (in letters)"
"僧","僧","sēng","seng1","6","Level 6","(bound form) Buddhist monk (abbr. for 僧伽[seng1 qie2])"
"芬","芬","fēn","fen1","6","Level 6","perfume/fragrance"
"芳","芳","fāng","fang1","6","Level 6","fragrant"
"焕","煥","huàn","huan4","6","Level 6","brilliant/lustrous"
"霸","霸","bà","ba4","6","Level 6","hegemon/tyrant/lord/feudal chief/to rule by force/to usurp/(in modern advertising) master"
"讳","諱","huì","hui4","6","Level 6","to avoid mentioning/taboo word/name of deceased emperor or superior"
"萌","萌","méng","meng2","6","Level 6","(bound form) to sprout; to bud/(coll.) cute; adorable (orthographic borrowing from Japanese ""moe"", affection for an anime or manga character)"
"驮","馱","tuó","tuo2","6","Level 6","to carry on one's back"
"漾","漾","yàng","yang4","6","Level 6","to overflow/to ripple/used in place names"
"秉","秉","bǐng","bing3","6","Level 6","to grasp/to hold/to maintain"
"莹","瑩","yíng","ying2","6","Level 6","luster of gems"
"俭","儉","jiǎn","jian3","6","Level 6","(bound form) frugal; thrifty"
"蓬","蓬","péng","peng2","6","Level 6","fleabane (family Asteraceae)/disheveled/classifier for luxuriant plants, smoke, ashes, campfires: clump, puff"
"勃","勃","bó","bo2","6","Level 6","flourishing/prosperous/suddenly/abruptly"
"辰","辰","chén","chen2","6","Level 6","5th earthly branch: 7-9 a.m., 3rd solar month (5th April-4th May), year of the Dragon/ancient Chinese compass point: 120°"
"抡","掄","lūn","lun1","6","Level 6","to select"
"伯","伯","bó","bo2","6","Level 6","father's elder brother/senior/paternal elder uncle/eldest of brothers/respectful form of address/Count, third of five orders of nobility 五等爵位[wu3 deng3 jue2 wei4]"
"袍","袍","páo","pao2","6","Level 6","gown (lined)"
"茎","莖","jīng","jing1","6","Level 6","stalk/stem/CL:條|条[tiao2]"
"汪","汪","wāng","wang1","6","Level 6","expanse of water/ooze/(onom.) bark/classifier for liquids: pool, puddle"
"徐","徐","xú","xu2","6","Level 6","slowly/gently"
"歼","殲","jiān","jian1","6","Level 6","to annihilate"
"迪","迪","dí","di2","6","Level 6","to enlighten"
"畔","畔","pàn","pan4","6","Level 6","(bound form) side; edge; boundary"
"蔑","衊蔑","miè","mie4","6","Level 6","defiled with blood"
"阂","閡","hé","he2","6","Level 6","obstruct"
"馋","饞","chán","chan2","6","Level 6","gluttonous/greedy/to have a craving"
"楷","楷","kǎi","kai3","6","Level 6","model/pattern/regular script (calligraphic style)"
"稠","稠","chóu","chou2","6","Level 6","dense/crowded/thick/many"
"挎","挎","kuà","kua4","6","Level 6","to carry (esp. slung over the arm, shoulder or side)"
"疆","疆","jiāng","jiang1","6","Level 6","border/boundary"
"荆","荊","jīng","jing1","6","Level 6","chaste tree or berry (Vitex agnus-castus)/alternative name for the Zhou Dynasty state of Chu 楚國|楚国[Chu3 guo2]"
"窘","窘","jiǒng","jiong3","6","Level 6","distressed/embarrassed"
"辽","遼","liáo","liao2","6","Level 6","(bound form) distant; faraway"
"旭","旭","xù","xu4","6","Level 6","dawn/rising sun"
"棚","棚","péng","peng2","6","Level 6","shed/canopy/shack"
"鼎","鼎","dǐng","ding3","6","Level 6","ancient cooking cauldron with two looped handles and three or four legs/pot (dialect)/to enter upon a period of (classical)/Kangxi radical 206/one of the 64 hexagrams of the Book of Changes"
"驰","馳","chí","chi2","6","Level 6","to run fast/to speed/to gallop/to disseminate/to spread"
"窟","窟","kū","ku1","6","Level 6","cave/hole"
"窿","窿","lóng","long2","6","Level 6","cavity/hole"
"碟","碟","dié","die2","6","Level 6","dish/plate"
"缆","纜","lǎn","lan3","6","Level 6","cable/hawser/to moor"
"屹","屹","yì","yi4","6","Level 6","high and steep"
"殷","殷","yīn","yin1","6","Level 6","roll of thunder"
"拄","拄","zhǔ","zhu3","6","Level 6","to lean on/to prop on"
"仆","僕仆","pū","pu1","6","Level 6","servant"
"巢","巢","cháo","chao2","6","Level 6","nest"
"馁","餒","něi","nei3","6","Level 6","(bound form) hungry; starving/(bound form) dispirited/(literary) (of fish) putrid"
"簇","簇","cù","cu4","6","Level 6","crowded/framework for silkworms/gather foliage/bunch/classifier for bunched objects"
"潭","潭","tán","tan2","6","Level 6","deep pool/pond/pit (dialect)/depression"
"吭","吭","kēng","keng1","6","Level 6","to utter"
"霍","霍","huò","huo4","6","Level 6","(literary) suddenly"
"刁","刁","diāo","diao1","6","Level 6","artful/wicked"
"猖","猖","chāng","chang1","6","Level 6","ferocious"
"棱","稜棱","léng","leng2","6","Level 6","ridge of an object/edge; corner"
"竿","竿","gān","gan1","6","Level 6","pole"
"穴","穴","xué","xue2","6","Level 6","cave/cavity/hole/acupuncture point/Taiwan pr. [xue4]"
"辙","轍","zhé","zhe2","6","Level 6","rut; track of a wheel (Taiwan pr. [che4])/(coll.) the direction of traffic/a rhyme (of a song, poem etc)/(dialect) (usu. after 有[you3] or 沒|没[mei2]) way; idea"
"凯","凱","kǎi","kai3","6","Level 6","(bound form) triumphal music/(Tw) (coll.) generous with money; lavish in spending/chi (Greek letter Χχ)"
"搀","攙","chān","chan1","6","Level 6","to take by the arm and assist/to mix/to blend/to dilute/to adulterate"
"豁","豁","huō","huo1","6","Level 6","open; clear; liberal-minded; generous/to exempt; to remit"
"礁","礁","jiāo","jiao1","6","Level 6","reef/shoal rock"
"彬","彬","bīn","bin1","6","Level 6","urbane; well-bred; cultivated"
"浩","浩","hào","hao4","6","Level 6","grand/vast (water)"
"茂","茂","mào","mao4","6","Level 6","luxuriant/(chemistry) cyclopentadiene"
"甸","甸","diān","dian1","6","Level 6","suburbs or outskirts/one of the five degrees of official mourning attire in dynastic China/official in charge of fields (old)"
"赡","贍","shàn","shan4","6","Level 6","to support/to provide for"
"熙","熙","xī","xi1","6","Level 6","(used in names)/(bound form) (literary) bright/prosperous/splendid/genial"
"攘","攘","rǎng","rang3","6","Level 6","(literary) to push up one's sleeves/(literary) to reject; to resist/(literary) to seize; to steal/(literary) to perturb/Taiwan pr. [rang2]"
"舵","舵","duò","duo4","6","Level 6","helm/rudder"
"川","川","chuān","chuan1","6","Level 6","(bound form) river/creek/plain/an area of level country"
"孪","孿","luán","luan2","6","Level 6","twins"
"慑","懾慴","shè","she4","6","Level 6","afraid/be feared/to fear/to frighten/to intimidate"
"丘","丘","qiū","qiu1","6","Level 6","hillock; mound"
"陵","陵","líng","ling2","6","Level 6","mound/tomb/hill/mountain"
"尼","尼","ní","ni2","6","Level 6","Buddhist nun/(often used in phonetic spellings)"
"嫦","嫦","cháng","chang2","6","Level 6","a legendary beauty who flew to the moon/the lady in the moon"
"娥","娥","é","e2","6","Level 6","good/beautiful"
"拙","拙","zhuō","zhuo1","6","Level 6","awkward/clumsy/dull/inelegant/(polite) my/Taiwan pr. [zhuo2]"
"耸","聳","sǒng","song3","6","Level 6","to excite/to raise up/to shrug/high/lofty/towering"
"涛","濤","tāo","tao1","6","Level 6","big wave/Taiwan pr. [tao2]"
"笛","笛","dí","di2","6","Level 6","flute"
"骏","駿","jùn","jun4","6","Level 6","spirited horse"
"兢","兢","jīng","jing1","6","Level 6","to be fearful/apprehensive"
"贞","貞","zhēn","zhen1","6","Level 6","chaste"
"寥","寥","liáo","liao2","6","Level 6","empty/lonesome/very few"
"涝","澇","lào","lao4","6","Level 6","flooded"
"脊","脊","jí","ji2","6","Level 6","(bound form) spine; backbone/(bound form) ridge"
"翠","翠","cuì","cui4","6","Level 6","bluish-green/green jade"
"灼","灼","zhuó","zhuo2","6","Level 6","to burn; to sear; to scorch/(bound form) bright; luminous"
"戈","戈","gē","ge1","6","Level 6","dagger-axe/abbr. for 戈瑞[ge1 rui4]/(Tw) abbr. for 戈雷[ge1 lei2]"
"逞","逞","chěng","cheng3","6","Level 6","to show off/to flaunt/to carry out or succeed in a scheme/to indulge/to give free rein to"
"碧","碧","bì","bi4","6","Level 6","green jade/bluish green/blue/jade"
"呜","嗚","wū","wu1","6","Level 6","(onom.) for humming or whimpering"
"纬","緯","wěi","wei3","6","Level 6","latitude/woof (horizontal thread in weaving)/weft"
"贤","賢","xián","xian2","6","Level 6","worthy or virtuous person/honorific used for a person of the same or a younger generation"
"吏","吏","lì","li4","6","Level 6","minor government official or functionary (old)"
"杨","楊","yáng","yang2","6","Level 6","poplar"
"腊","臘腊臈","là","la4","6","Level 6","ancient practice of offering sacrifices to the gods in the 12th lunar month/the 12th lunar month/(bound form) (of meat, fish etc) cured in winter, esp. in the 12th lunar month"
"瞻","瞻","zhān","zhan1","6","Level 6","to gaze/to view"
"栖","棲","qī","qi1","6","Level 6","to perch/to rest (of birds)/to dwell/to live/to stay"
"沃","沃","wò","wo4","6","Level 6","fertile/rich/to irrigate/to wash (of river)"
"贮","貯","zhù","zhu4","6","Level 6","to store/to save/stockpile/Taiwan pr. [zhu3]"
"骇","駭","hài","hai4","6","Level 6","to astonish/to startle/to hack (computing, loanword)"
"侍","侍","shì","shi4","6","Level 6","to serve/to attend upon"
"讥","譏","jī","ji1","6","Level 6","to ridicule"
"酌","酌","zhuó","zhuo2","6","Level 6","to pour wine/to drink wine/to deliberate/to consider"
"阎","閻","yán","yan2","6","Level 6","(literary) the gate of a lane"
"佐","佐","zuǒ","zuo3","6","Level 6","to assist/assistant/aide/to accompany"
"槐","槐","huái","huai2","6","Level 6","Chinese scholar tree (Sophora japonica)/Japanese pagoda tree"
"臊","臊","sāo","sao1","6","Level 6","shame/bashfulness/to shame/to humiliate"
"旷","曠","kuàng","kuang4","6","Level 6","to neglect/to skip (class or work)/to waste (time)/vast/loose-fitting"
"锦","錦","jǐn","jin3","6","Level 6","brocade/embroidered work/bright"
"浊","濁","zhuó","zhuo2","6","Level 6","turbid/muddy/impure"
"垦","墾","kěn","ken3","6","Level 6","to reclaim (land)/to cultivate"
"涡","渦","wō","wo1","6","Level 6","eddy/whirlpool"
"奸","姦奸","jiān","jian1","6","Level 6","to fornicate/to defile/adultery/rape"
"岔","岔","chà","cha4","6","Level 6","fork in road/bifurcation/branch in road, river, mountain range etc/to branch off/to turn off/to diverge/to stray (from the path)/to change the subject/to interrupt/to stagger (times)"
"鹤","鶴","hè","he4","6","Level 6","crane"
"梢","梢","shāo","shao1","6","Level 6","tip of branch"
"砌","砌","qì","qi4","6","Level 6","to build by laying bricks or stones"
"哺","餔哺","bǔ","bu3","6","Level 6","to eat/evening meal"
"俏","俏","qiào","qiao4","6","Level 6","good-looking/charming/(of goods) in great demand/(coll.) to season (food)"
"嬉","嬉","xī","xi1","6","Level 6","amusement"
"钧","鈞","jūn","jun1","6","Level 6","30 catties/great/your (honorific)"
"砂","砂","shā","sha1","6","Level 6","sand/gravel/granule"
"娇","嬌","jiāo","jiao1","6","Level 6","lovable/pampered/tender/delicate/frail"
"侠","俠","xiá","xia2","6","Level 6","knight-errant/brave and chivalrous/hero/heroic"
"岭","嶺","lǐng","ling3","6","Level 6","mountain range/mountain ridge"
"沏","沏","qī","qi1","6","Level 6","to steep (tea)"
"雀","雀","què","que4","6","Level 6","(bound form) small bird/sparrow/also pr. [qiao3]"
"泰","泰","tài","tai4","6","Level 6","safe/peaceful/most/grand"
"絮","絮","xù","xu4","6","Level 6","cotton wadding/fig. padding/long-winded"
"矢","矢","shǐ","shi3","6","Level 6","arrow/dart/straight/to vow/to swear"
"磊","磊","lěi","lei3","6","Level 6","lumpy/rock pile/uneven/fig. sincere/open and honest"
"渣","渣","zhā","zha1","6","Level 6","slag (in mining or smelting)/dregs"
"冶","冶","yě","ye3","6","Level 6","to smelt/to cast/seductive in appearance"
"杠","槓杠","gāng","gang1","6","Level 6","coffin-bearing pole (old)/thick pole; bar; rod/thick line/to mark with a thick line/to sharpen (a knife, razor etc)/to get into a dispute with/standard; criterion/hyphen; dash"
"潦","潦","lǎo","lao3","6","Level 6","used in ~草[liao2 cao3] and ~倒[liao2 dao3]"
"酣","酣","hān","han1","6","Level 6","intoxicated"
"俯","俯","fǔ","fu3","6","Level 6","to look down/to stoop"
"藤","藤","téng","teng2","6","Level 6","rattan/cane/vine"
"咏","詠","yǒng","yong3","6","Level 6","to sing"
"萍","萍","píng","ping2","6","Level 6","duckweed"
"耿","耿","gěng","geng3","6","Level 6","(literary) bright; brilliant/honest; upright"
"怡","怡","yí","yi2","6","Level 6","harmony/pleased"
"橱","櫥","chú","chu2","6","Level 6","wardrobe/closet/cabinet"
"朱","硃朱","zhū","zhu1","6","Level 6","cinnabar"
"沐","沐","mù","mu4","6","Level 6","to bathe/to cleanse/to receive/to be given"
"盹","盹","dǔn","dun3","6","Level 6","doze/nap"
"亭","亭","tíng","ting2","6","Level 6","pavilion/booth/kiosk/erect"
"杭","杭","háng","hang2","6","Level 6","surname Hang/Hangzhou"
"刘","劉","liú","liu2","6","Level 6","(classical) a type of battle-ax/to kill/to slaughter"
"赵","趙","zhào","zhao4","6","Level 6","to surpass (old)"
"冯","馮","féng","feng2","6","Level 6","to gallop/to assist/to attack/to wade/great"
"渝","渝","yú","yu2","6","Level 6","short name for Chongqing 重慶|重庆[Chong2 qing4]/old name of Jialing River 嘉陵江[Jia1 ling2 Jiang1] in Sichuan"
"澳","澳","ào","ao4","6","Level 6","deep bay; cove; harbor"
"秦","秦","qín","qin2","6","Level 6","surname Qin/Qin dynasty (221-207 BC) of the first emperor 秦始皇[Qin2 Shi3 huang2]/abbr. for 陝西|陕西[Shan3 xi1]"
"吕","呂","lǚ","lv3","6","Level 6","pitchpipe, pitch standard, one of the twelve semitones in the traditional tone system"
"韩","韓","hán","han2","6","Level 6","Han, one of the Seven Hero States of the Warring States 戰國七雄|战国七雄/Korea from the fall of the Joseon dynasty in 1897/Korea, esp. South Korea 大韓民國|大韩民国/surname Han"
"孟","孟","mèng","meng4","6","Level 6","first month of a season/eldest amongst brothers"
"宋","宋","sòng","song4","6","Level 6","surname Song/the Song dynasty (960-1279)/also Song of the Southern dynasties 南朝宋 (420-479)"
"蜀","蜀","shǔ","shu3","6","Level 6","short name for Sichuan 四川[Si4 chuan1] province/one of the Three Kingdoms 三國|三国[San1 guo2] after the Han dynasty, also called 蜀漢|蜀汉[Shu3 Han4], situated around what is now Sichuan province"
"沪","滬","hù","hu4","6","Level 6","short name for Shanghai"
"魏","魏","wèi","wei4","6","Level 6","tower over a palace gateway (old)"
"吴","吳","wú","wu2","6","Level 6","surname Wu/area comprising southern Jiangsu, northern Zhejiang and Shanghai/name of states in Southern China at different historical periods"
"州","州","zhōu","zhou1","6","Level 6","prefecture/(old) province/(old) administrative division/state (e.g. of US)/oblast (Russia)/canton (Switzerland)"
"洲","洲","zhōu","zhou1","6","Level 6","continent/island in a river"
"郭","郭","guō","guo1","6","Level 6","outer city wall"
"浦","浦","pǔ","pu3","6","Level 6","river bank/shore/river drainage ditch (old)"
"孔","孔","kǒng","kong3","6","Level 6","hole/CL:個|个[ge4]/classifier for cave dwellings"
"唐","唐","táng","tang2","6","Level 6","to exaggerate/empty/in vain/Tang dynasty"
"潘","潘","pān","pan1","6","Level 6","surname Pan/Pan, faun in Greek mythology, son of Hermes"
"邓","鄧","dèng","deng4","6","Level 6","surname Deng"
"淮","淮","huái","huai2","6","Level 6","name of a river"
"袁","袁","yuán","yuan2","6","Level 6","long robe (old)"
"粤","粵","yuè","yue4","6","Level 6","Cantonese/short name for Guangdong 廣東|广东[Guang3 dong1]"
"曹","曹","cáo","cao2","6","Level 6","class or grade/generation/plaintiff and defendant (old)/government department (old)"
